{
  "type": "FeatureCollection",
  "name": "musina_wards_1_6_official_app_ready_v2",
  "crs": {
    "type": "name",
    "properties": {
      "name": "urn:ogc:def:crs:OGC:1.3:CRS84"
    }
  },
  "features": [
    {
      "type": "Feature",
      "properties": {
        "Province": "Limpopo",
        "Municipali": "Musina Local Municipality",
        "CAT_B": "LIM341",
        "WardNo": 1,
        "District": "Vhembe",
        "DistrictCo": "DC34",
        "Date": "2020-11-24T00:00:00",
        "WardID": "93401001",
        "WardLabel": "LIM341_1",
        "ward_num": 1.0,
        "sample_n": 106.0,
        "birth_outside_sa_pct": 87.7,
        "recent_origin_outside_sa_pct": 78.8,
        "permanent_yes_pct": 50.0,
        "non_permanent_pct": 50.0,
        "stays_12m_pct_non_permanent": 28.8,
        "cross_border_monthly_or_more_pct": 17.3,
        "cross_border_quarterly_or_more_pct": 38.5,
        "cross_border_any_pct": 81.7,
        "moved_within_city_any_pct_non_permanent": 48.1,
        "moved_outside_city_any_pct_non_permanent": 42.3,
        "median_months_stayed_non_permanent": 11.0,
        "mean_months_stayed_non_permanent": 8.3,
        "ecology_class": "mixed mobility ecology"
      },
      "geometry": {
        "type": "Polygon",
        "coordinates": [
          [
            [
              30.231139943153934,
              -22.295860057595558
            ],
            [
              30.233109943169406,
              -22.296830058260504
            ],
            [
              30.23445994337179,
              -22.297750058418426
            ],
            [
              30.236319942811146,
              -22.2997900580647
            ],
            [
              30.237119942831153,
              -22.30104005815214
            ],
            [
              30.238239943218876,
              -22.30451005809268
            ],
            [
              30.23919994342274,
              -22.306760058429926
            ],
            [
              30.239739943143856,
              -22.307570058011734
            ],
            [
              30.240589942771695,
              -22.308400057616513
            ],
            [
              30.242739942993996,
              -22.309940057587525
            ],
            [
              30.247399942953063,
              -22.3124400577624
            ],
            [
              30.249779942990024,
              -22.313370056582844
            ],
            [
              30.249739942944082,
              -22.314080057848358
            ],
            [
              30.25265994270225,
              -22.315990057794828
            ],
            [
              30.255199942923067,
              -22.31797005827147
            ],
            [
              30.25761994300606,
              -22.320710057822808
            ],
            [
              30.25845994307192,
              -22.321970056572766
            ],
            [
              30.261529942552862,
              -22.327530057566065
            ],
            [
              30.266249942580842,
              -22.337370058081625
            ],
            [
              30.27111994323088,
              -22.34393005842545
            ],
            [
              30.27369994259836,
              -22.346880057768388
            ],
            [
              30.275789942751747,
              -22.34883005776089
            ],
            [
              30.279599943082975,
              -22.352000058256056
            ],
            [
              30.282879943254798,
              -22.35401005831747
            ],
            [
              30.287069943123374,
              -22.355460057735428
            ],
            [
              30.29023994271917,
              -22.356250058193634
            ],
            [
              30.290999942693237,
              -22.35634005784732
            ],
            [
              30.295269942653785,
              -22.35614005761752
            ],
            [
              30.301959942697238,
              -22.35441005787779
            ],
            [
              30.306029943327268,
              -22.35251005839249
            ],
            [
              30.31015994312693,
              -22.34976005658133
            ],
            [
              30.313489942906585,
              -22.348380057693458
            ],
            [
              30.31634994259584,
              -22.347690058249565
            ],
            [
              30.320329942672725,
              -22.347870057557113
            ],
            [
              30.3247699432783,
              -22.348700058061173
            ],
            [
              30.327469942783697,
              -22.34947005759704
            ],
            [
              30.33097994277018,
              -22.3501000578713
            ],
            [
              30.33609994325785,
              -22.350620057569532
            ],
            [
              30.33654994332528,
              -22.350520056555307
            ],
            [
              30.339449943060476,
              -22.350680057638534
            ],
            [
              30.34315994327685,
              -22.350530057915847
            ],
            [
              30.348229943257316,
              -22.34971005787278
            ],
            [
              30.349319943160896,
              -22.349360057920293
            ],
            [
              30.35324994273067,
              -22.34863005843037
            ],
            [
              30.357169942738732,
              -22.348240058431852
            ],
            [
              30.361079943184905,
              -22.34818005656429
            ],
            [
              30.364259943241873,
              -22.348530058315514
            ],
            [
              30.37107994298504,
              -22.350010058217524
            ],
            [
              30.372019943165935,
              -22.350030058240584
            ],
            [
              30.37517994319993,
              -22.350860057845363
            ],
            [
              30.37835994325681,
              -22.35128993288404
            ],
            [
              30.382249942780643,
              -22.350880057868334
            ],
            [
              30.386859943131967,
              -22.34907005803672
            ],
            [
              30.391559943136976,
              -22.346980057883332
            ],
            [
              30.394289943126424,
              -22.34604005770244
            ],
            [
              30.39916994333826,
              -22.344670056577804
            ],
            [
              30.401339942684253,
              -22.344280056579287
            ],
            [
              30.405659943151914,
              -22.343150058428414
            ],
            [
              30.406369942618866,
              -22.343150058428414
            ],
            [
              30.427989943181405,
              -22.338890058029754
            ],
            [
              30.43130994339926,
              -22.33796005831003
            ],
            [
              30.436559942687275,
              -22.336770058291506
            ],
            [
              30.44544994256086,
              -22.334010057817828
            ],
            [
              30.452209943134395,
              -22.33148005805818
            ],
            [
              30.457159942977036,
              -22.32888005776836
            ],
            [
              30.459269943153394,
              -22.327990058094667
            ],
            [
              30.462019943165902,
              -22.32625993155059
            ],
            [
              30.465899943127933,
              -22.32423005827055
            ],
            [
              30.46687994335477,
              -22.323520057904318
            ],
            [
              30.475739942744212,
              -22.319120058244053
            ],
            [
              30.476359942557302,
              -22.31903005769091
            ],
            [
              30.47780994287463,
              -22.318340058247017
            ],
            [
              30.47933994328384,
              -22.317850058133644
            ],
            [
              30.483049944399493,
              -22.316909932946967
            ],
            [
              30.48938994269172,
              -22.316350058208574
            ],
            [
              30.491889942866596,
              -22.316590057585035
            ],
            [
              30.493829943297296,
              -22.317170058251552
            ],
            [
              30.49626994340317,
              -22.31823005767099
            ],
            [
              30.499369943368254,
              -22.319830057710917
            ],
            [
              30.499739943343712,
              -22.320240057732406
            ],
            [
              30.505849942720737,
              -22.322600057746396
            ],
            [
              30.50762994296749,
              -22.32272005788431
            ],
            [
              30.512099943157928,
              -22.322610058207566
            ],
            [
              30.517389943391166,
              -22.323030057790945
            ],
            [
              30.519799943012988,
              -22.323650057604034
            ],
            [
              30.52367994297502,
              -22.32438005799324
            ],
            [
              30.533629943167412,
              -22.327130058005746
            ],
            [
              30.5396199433058,
              -22.328400058116156
            ],
            [
              30.54327994301506,
              -22.329670058226565
            ],
            [
              30.54941994287614,
              -22.33127005826649
            ],
            [
              30.552809942724707,
              -22.331640058242037
            ],
            [
              30.55460994299452,
              -22.33151005764304
            ],
            [
              30.557659943351773,
              -22.32980005792628
            ],
            [
              30.560299942788166,
              -22.32727993272265
            ],
            [
              30.56254994312541,
              -22.32420005778641
            ],
            [
              30.56379994321285,
              -22.323200058435972
            ],
            [
              30.56576994322832,
              -22.32206005802519
            ],
            [
              30.56811994278123,
              -22.32143005775093
            ],
            [
              30.575399943053,
              -22.320400057916263
            ],
            [
              30.57665994270224,
              -22.31971005757309
            ],
            [
              30.578429943387192,
              -22.319200057436657
            ],
            [
              30.580929942662788,
              -22.31890993344658
            ],
            [
              30.58352994295261,
              -22.31905005771388
            ],
            [
              30.58736994286861,
              -22.31882005789931
            ],
            [
              30.594749943255323,
              -22.31973005759606
            ],
            [
              30.597789943151405,
              -22.320299932795624
            ],
            [
              30.602359942557328,
              -22.32122005795924
            ],
            [
              30.60581994293607,
              -22.322330057885793
            ],
            [
              30.609129942692753,
              -22.32422005780938
            ],
            [
              30.610679943124936,
              -22.326020058079195
            ],
            [
              30.61288994341624,
              -22.328110058232582
            ],
            [
              30.615349942645803,
              -22.32999005769491
            ],
            [
              30.615989943381233,
              -22.3306600580152
            ],
            [
              30.619649943090494,
              -22.333380058442938
            ],
            [
              30.622429942687774,
              -22.335080057698438
            ],
            [
              30.624879943254818,
              -22.336060057925273
            ],
            [
              30.626089943296314,
              -22.336340058247046
            ],
            [
              30.631679942975016,
              -22.336290057739934
            ],
            [
              30.633119942831172,
              -22.335900057741416
            ],
            [
              30.635779943189906,
              -22.334810057837835
            ],
            [
              30.636690060697752,
              -22.334159957715833
            ],
            [
              30.650199922888216,
              -22.37137994742657
            ],
            [
              30.596943942808736,
              -22.376620057769365
            ],
            [
              30.56405394323493,
              -22.37389305791819
            ],
            [
              30.55755769313308,
              -22.37179405824909
            ],
            [
              30.556641568153914,
              -22.37259118313652
            ],
            [
              30.556000818283152,
              -22.372802682997346
            ],
            [
              30.555508443060248,
              -22.373586058150003
            ],
            [
              30.554977567860536,
              -22.37392005826406
            ],
            [
              30.554386692591823,
              -22.374724932609542
            ],
            [
              30.553461943114296,
              -22.375559808338448
            ],
            [
              30.553243567936356,
              -22.37618055818615
            ],
            [
              30.552241817605847,
              -22.3770924329693
            ],
            [
              30.550546442664256,
              -22.378042932735127
            ],
            [
              30.550148318190423,
              -22.378445308304258
            ],
            [
              30.549296317571034,
              -22.37862518260611
            ],
            [
              30.548555567585417,
              -22.379648433028727
            ],
            [
              30.548405817874297,
              -22.380350558031843
            ],
            [
              30.548478567631804,
              -22.38107830831721
            ],
            [
              30.548765443270693,
              -22.3813395577743
            ],
            [
              30.548910942785795,
              -22.38202880808295
            ],
            [
              30.548816817941788,
              -22.38391255771834
            ],
            [
              30.54921069311906,
              -22.384991433008157
            ],
            [
              30.549065067698805,
              -22.386596933301846
            ],
            [
              30.54924056769805,
              -22.38734618278004
            ],
            [
              30.549167817940454,
              -22.38774430815324
            ],
            [
              30.54940331800879,
              -22.388305182937813
            ],
            [
              30.54933481844712,
              -22.38869480791898
            ],
            [
              30.54971581803065,
              -22.389217057720963
            ],
            [
              30.550109693207833,
              -22.389324058158717
            ],
            [
              30.550011318167808,
              -22.39054855796951
            ],
            [
              30.550298067901544,
              -22.39101518290429
            ],
            [
              30.55024244303443,
              -22.391284932753415
            ],
            [
              30.55043506792407,
              -22.391687308322545
            ],
            [
              30.550854693389468,
              -22.391939933281275
            ],
            [
              30.551911692670547,
              -22.39201630820597
            ],
            [
              30.55233281820508,
              -22.391766433374123
            ],
            [
              30.552718317996014,
              -22.391773557803347
            ],
            [
              30.553096693357723,
              -22.39228755812432
            ],
            [
              30.553503568235158,
              -22.39341543297579
            ],
            [
              30.55194744341984,
              -22.394571808242265
            ],
            [
              30.551283568382054,
              -22.394678932786434
            ],
            [
              30.550826692997507,
              -22.39552118295622
            ],
            [
              30.549855818191535,
              -22.396413557739443
            ],
            [
              30.549998567579934,
              -22.39803393281969
            ],
            [
              30.55043406787798,
              -22.398797682966638
            ],
            [
              30.550969443285187,
              -22.39932593304534
            ],
            [
              30.551069318394347,
              -22.399611557727113
            ],
            [
              30.550948068198863,
              -22.400532307919647
            ],
            [
              30.551654693409475,
              -22.40125330789377
            ],
            [
              30.551761817953643,
              -22.401553183232732
            ],
            [
              30.551369192834027,
              -22.40179580773029
            ],
            [
              30.55122644344563,
              -22.402159933334183
            ],
            [
              30.55005569341555,
              -22.402195558178413
            ],
            [
              30.549341942876435,
              -22.40290230839472
            ],
            [
              30.54928481794001,
              -22.40349480783907
            ],
            [
              30.54982731777653,
              -22.403644682556063
            ],
            [
              30.54989156804146,
              -22.40387318320078
            ],
            [
              30.549391818377764,
              -22.404972432631638
            ],
            [
              30.55188319315491,
              -22.406892683050845
            ],
            [
              30.553781942582642,
              -22.40693543322358
            ],
            [
              30.554167443272945,
              -22.407149683211287
            ],
            [
              30.554081817921602,
              -22.407478058065884
            ],
            [
              30.553082442700624,
              -22.407849183093305
            ],
            [
              30.55315381829415,
              -22.408470182952573
            ],
            [
              30.553560693171494,
              -22.40882718322787
            ],
            [
              30.55417456770217,
              -22.409012807794788
            ],
            [
              30.55518106825174,
              -22.408962808187045
            ],
            [
              30.55572356808826,
              -22.409391058150803
            ],
            [
              30.55584494328953,
              -22.4097194330054
            ],
            [
              30.5563089431033,
              -22.409947932750836
            ],
            [
              30.556173318144126,
              -22.41051893300236
            ],
            [
              30.556494567670217,
              -22.410790182920532
            ],
            [
              30.55641606764747,
              -22.411347058419935
            ],
            [
              30.556794318003394,
              -22.411832433320118
            ],
            [
              30.556887192789745,
              -22.412324932649526
            ],
            [
              30.556508818327316,
              -22.41277468270539
            ],
            [
              30.556558817935148,
              -22.41313880830937
            ],
            [
              30.5563089431033,
              -22.413495682679603
            ],
            [
              30.55583069263243,
              -22.413545683186626
            ],
            [
              30.55573781784608,
              -22.413738308076443
            ],
            [
              30.555716442759667,
              -22.413981057579697
            ],
            [
              30.556301817774706,
              -22.414387933356412
            ],
            [
              30.5563089431033,
              -22.414823432755178
            ],
            [
              30.555709318330443,
              -22.41535168283379
            ],
            [
              30.555266692703714,
              -22.416986307671856
            ],
            [
              30.553510692664382,
              -22.417735808060986
            ],
            [
              30.55290394256302,
              -22.41837830801245
            ],
            [
              30.550890943262438,
              -22.419085058228845
            ],
            [
              30.549998567579934,
              -22.419677557673108
            ],
            [
              30.5489064425783,
              -22.420969557898758
            ],
            [
              30.5482068176905,
              -22.421419307954622
            ],
            [
              30.547464442629963,
              -22.42154068315598
            ],
            [
              30.54665069287527,
              -22.421247933145523
            ],
            [
              30.545886942728234,
              -22.421312183410453
            ],
            [
              30.5455014429373,
              -22.421090933100025
            ],
            [
              30.544987442616417,
              -22.421347933260467
            ],
            [
              30.544166568432413,
              -22.421362183018285
            ],
            [
              30.54403806790255,
              -22.42146918255667
            ],
            [
              30.544295068062993,
              -22.422026058056073
            ],
            [
              30.544173692861726,
              -22.422747058030286
            ],
            [
              30.544273567970798,
              -22.42296118301212
            ],
            [
              30.54390956827197,
              -22.423161058236225
            ],
            [
              30.54344556755892,
              -22.423867683446836
            ],
            [
              30.54221781759829,
              -22.424403057954674
            ],
            [
              30.54217494331905,
              -22.424688682636535
            ],
            [
              30.541960818337127,
              -22.424831432924215
            ],
            [
              30.54203219303137,
              -22.42513118325748
            ],
            [
              30.541032817810304,
              -22.425395307847147
            ],
            [
              30.540782942978456,
              -22.42611630782127
            ],
            [
              30.540033442589326,
              -22.426616058384337
            ],
            [
              30.53986919310882,
              -22.427129932800156
            ],
            [
              30.539383818208726,
              -22.42663743257138
            ],
            [
              30.538791317865094,
              -22.426680307749987
            ],
            [
              30.538291693207093,
              -22.427058558105912
            ],
            [
              30.537213817963366,
              -22.427122808370843
            ],
            [
              30.536849693258755,
              -22.427900933281393
            ],
            [
              30.5370924427621,
              -22.428143682784736
            ],
            [
              30.536935317710817,
              -22.428714683036173
            ],
            [
              30.53704956758358,
              -22.429371432745366
            ],
            [
              30.538056068133063,
              -22.429828308129824
            ],
            [
              30.538320192722818,
              -22.43015668298451
            ],
            [
              30.538976943331292,
              -22.42994968333118
            ],
            [
              30.539412442730146,
              -22.430120933134496
            ],
            [
              30.5394980680814,
              -22.4303208083586
            ],
            [
              30.540369817812913,
              -22.430173182846076
            ],
            [
              30.54057906756999,
              -22.430452058115886
            ],
            [
              30.54067456837672,
              -22.43118905792862
            ],
            [
              30.540183568217167,
              -22.431714057857484
            ],
            [
              30.539607817746667,
              -22.4319595583869
            ],
            [
              30.538583568177152,
              -22.43273830832628
            ],
            [
              30.537559192702663,
              -22.4329669330775
            ],
            [
              30.53655169300628,
              -22.432941557806636
            ],
            [
              30.536153817644646,
              -22.433246308370354
            ],
            [
              30.535137942562102,
              -22.433534183155963
            ],
            [
              30.535214193380384,
              -22.433872807583928
            ],
            [
              30.53551894304482,
              -22.434084433349906
            ],
            [
              30.535485068281293,
              -22.434414558285205
            ],
            [
              30.535061817648796,
              -22.43482943263217
            ],
            [
              30.534545318111967,
              -22.43475318271317
            ],
            [
              30.533783443051504,
              -22.435616682963495
            ],
            [
              30.533300943283987,
              -22.43560818257155
            ],
            [
              30.533013067599008,
              -22.43523580838584
            ],
            [
              30.53174319339375,
              -22.43639555790857
            ],
            [
              30.531345318032027,
              -22.43609080824413
            ],
            [
              30.530727318311207,
              -22.436564807619703
            ],
            [
              30.529965443250656,
              -22.43622618319174
            ],
            [
              30.529601317646765,
              -22.43622618319174
            ],
            [
              30.528924067891467,
              -22.434939433208196
            ],
            [
              30.52844156812395,
              -22.434668558307287
            ],
            [
              30.528018318390732,
              -22.434964807579778
            ],
            [
              30.526358943310633,
              -22.435057933276976
            ],
            [
              30.524538818012065,
              -22.43428755782448
            ],
            [
              30.523895443020294,
              -22.434160558263123
            ],
            [
              30.523065818432865,
              -22.43422830779018
            ],
            [
              30.522447817812587,
              -22.434533058353896
            ],
            [
              30.52215144263503,
              -22.43523580838584
            ],
            [
              30.520703818326606,
              -22.436251682569015
            ],
            [
              30.52036519299927,
              -22.436277057839877
            ],
            [
              30.519967317637636,
              -22.43607380835952
            ],
            [
              30.519493318262064,
              -22.436175432650014
            ],
            [
              30.5193154431532,
              -22.43665793331699
            ],
            [
              30.518739817688484,
              -22.43669180808043
            ],
            [
              30.51631019306104,
              -22.438156433172836
            ],
            [
              30.516166192715705,
              -22.438664433217
            ],
            [
              30.515700567826926,
              -22.43923155828977
            ],
            [
              30.515285817586463,
              -22.4394009330066
            ],
            [
              30.514557693183026,
              -22.440154307675115
            ],
            [
              30.51471856840728,
              -22.441373433137386
            ],
            [
              30.514227568247726,
              -22.441813682755214
            ],
            [
              30.513880443427727,
              -22.443405183302474
            ],
            [
              30.513507943336954,
              -22.443608307777136
            ],
            [
              30.51333869272654,
              -22.44398080786791
            ],
            [
              30.512898568114494,
              -22.44430630758993
            ],
            [
              30.512677567815544,
              -22.444177807959438
            ],
            [
              30.512502817850823,
              -22.443627807777062
            ],
            [
              30.51184469307819,
              -22.44353518300228
            ],
            [
              30.51150031838507,
              -22.443905432989304
            ],
            [
              30.511747068072776,
              -22.444239558109054
            ],
            [
              30.511654568303776,
              -22.44442980788925
            ],
            [
              30.510724067661638,
              -22.444619932663752
            ],
            [
              30.510425818296966,
              -22.444902683112318
            ],
            [
              30.50932569292643,
              -22.44532943300685
            ],
            [
              30.50871394259444,
              -22.446115933303652
            ],
            [
              30.507845193001287,
              -22.446187933026636
            ],
            [
              30.507387567582217,
              -22.446635182967274
            ],
            [
              30.506693567953874,
              -22.44643468271434
            ],
            [
              30.505567693194585,
              -22.446491182621937
            ],
            [
              30.50539806756682,
              -22.446347308181664
            ],
            [
              30.505464942952848,
              -22.44556068287917
            ],
            [
              30.50466294284057,
              -22.444691933286016
            ],
            [
              30.504616693405712,
              -22.444301183252975
            ],
            [
              30.504287692623006,
              -22.44429605801665
            ],
            [
              30.503979192785508,
              -22.443931058271644
            ],
            [
              30.50325944286904,
              -22.44385905764929
            ],
            [
              30.503058942616196,
              -22.44363805824971
            ],
            [
              30.502832817980202,
              -22.443725432782475
            ],
            [
              30.502565443240698,
              -22.44415218267701
            ],
            [
              30.50255519276796,
              -22.444496558269496
            ],
            [
              30.50222106764821,
              -22.444830683389245
            ],
            [
              30.5015886931637,
              -22.444686808049692
            ],
            [
              30.501650443313316,
              -22.44445543317168
            ],
            [
              30.501305942715135,
              -22.44438855778565
            ],
            [
              30.501326567766935,
              -22.44402880828284
            ],
            [
              30.50024506825539,
              -22.44449930839629
            ],
            [
              30.500002317852765,
              -22.445289932983954
            ],
            [
              30.50058394269483,
              -22.44610318271569
            ],
            [
              30.500414567978,
              -22.447430307762435
            ],
            [
              30.500149068324895,
              -22.447458558165874
            ],
            [
              30.49971994332074,
              -22.4478764326512
            ],
            [
              30.499855443274132,
              -22.44804018300803
            ],
            [
              30.49970856779622,
              -22.44822093324947
            ],
            [
              30.500007943112134,
              -22.44862755811525
            ],
            [
              30.500019192731592,
              -22.44927693338374
            ],
            [
              30.4997481928249,
              -22.450220057809318
            ],
            [
              30.499273818431977,
              -22.450440308073745
            ],
            [
              30.498923692574426,
              -22.45093168325056
            ],
            [
              30.498127317721607,
              -22.451456808185117
            ],
            [
              30.49813869324622,
              -22.451710933212983
            ],
            [
              30.498539567846844,
              -22.45195380772202
            ],
            [
              30.49860169301381,
              -22.45251293332517
            ],
            [
              30.49811044284269,
              -22.4530268077409
            ],
            [
              30.497940943120078,
              -22.45380618270911
            ],
            [
              30.49666469272138,
              -22.455054182704277
            ],
            [
              30.496241192976775,
              -22.455291432853315
            ],
            [
              30.496003942827738,
              -22.4558504325514
            ],
            [
              30.495659443128837,
              -22.456200683414735
            ],
            [
              30.495213318240072,
              -22.456398307635723
            ],
            [
              30.494558192706517,
              -22.457013808140687
            ],
            [
              30.493688568073058,
              -22.457375307724288
            ],
            [
              30.490542942802662,
              -22.459583432929016
            ],
            [
              30.490170192700322,
              -22.45962855821137
            ],
            [
              30.489441693279534,
              -22.459165433437907
            ],
            [
              30.48880919289005,
              -22.459238933230115
            ],
            [
              30.48752719312548,
              -22.458572558077012
            ],
            [
              30.487205317671368,
              -22.45858380769656
            ],
            [
              30.485641068380648,
              -22.457900432658757
            ],
            [
              30.484901193435427,
              -22.45786655789523
            ],
            [
              30.482585817781377,
              -22.458177182830692
            ],
            [
              30.482405068439217,
              -22.459538182640966
            ],
            [
              30.481868567980047,
              -22.45987143272041
            ],
            [
              30.481268818201407,
              -22.459638682778955
            ],
            [
              30.48086556759197,
              -22.45903780794844
            ],
            [
              30.480138193223056,
              -22.45861880841124
            ],
            [
              30.47967969276368,
              -22.458081182900198
            ],
            [
              30.479402942591744,
              -22.4587295581226
            ],
            [
              30.47941081795495,
              -22.459385682802964
            ],
            [
              30.47899181841775,
              -22.460049932858013
            ],
            [
              30.478588567808224,
              -22.460263307805324
            ],
            [
              30.478398818051073,
              -22.46057168263704
            ],
            [
              30.477608192564126,
              -22.4606033081961
            ],
            [
              30.476825443339578,
              -22.46090380766452
            ],
            [
              30.476643693052047,
              -22.461227933222556
            ],
            [
              30.476738567930667,
              -22.4614493076394
            ],
            [
              30.476256193168844,
              -22.461567932713873
            ],
            [
              30.474872693220284,
              -22.46234268336808
            ],
            [
              30.472998818141,
              -22.46260355780791
            ],
            [
              30.470832568068612,
              -22.462461308442556
            ],
            [
              30.469646568234538,
              -22.462192432734547
            ],
            [
              30.46944094274537,
              -22.462492933102336
            ],
            [
              30.46889544277049,
              -22.462556183321176
            ],
            [
              30.468579192575746,
              -22.463394183294856
            ],
            [
              30.468737317673117,
              -22.464572307765724
            ],
            [
              30.46812069301565,
              -22.465315432860873
            ],
            [
              30.46672919269819,
              -22.46548943279107
            ],
            [
              30.46548781800848,
              -22.46523643281508
            ],
            [
              30.465139943153957,
              -22.465410307739493
            ],
            [
              30.465116192957925,
              -22.465789808153076
            ],
            [
              30.465400817593697,
              -22.466651683328482
            ],
            [
              30.465258568228343,
              -22.467837558156774
            ],
            [
              30.464926443200863,
              -22.468422683160245
            ],
            [
              30.464254442788302,
              -22.468833808233608
            ],
            [
              30.46384331771494,
              -22.469482057550856
            ],
            [
              30.463495442860417,
              -22.470328057893525
            ],
            [
              30.463416442814623,
              -22.47145080840804
            ],
            [
              30.46009900026871,
              -22.472145999638133
            ],
            [
              30.458011000207502,
              -22.473227000026004
            ],
            [
              30.457297999703,
              -22.473815000162052
            ],
            [
              30.45628699984521,
              -22.475204000364286
            ],
            [
              30.453754999993293,
              -22.48125899990285
            ],
            [
              30.44899800005773,
              -22.49547499987134
            ],
            [
              30.44808999955388,
              -22.497768000392888
            ],
            [
              30.446300999791326,
              -22.500866000265702
            ],
            [
              30.44364799975549,
              -22.50442399976775
            ],
            [
              30.441180000156937,
              -22.50677700035821
            ],
            [
              30.43652599957531,
              -22.509875000231023
            ],
            [
              30.40925900030262,
              -22.524060999715374
            ],
            [
              30.41756059984188,
              -22.548256673906337
            ],
            [
              30.450332448283874,
              -22.528053933841914
            ],
            [
              30.450756623419423,
              -22.52747831826973
            ],
            [
              30.451791316815807,
              -22.529030359263587
            ],
            [
              30.452179326614676,
              -22.530000385109634
            ],
            [
              30.452955348010974,
              -22.53103508030467
            ],
            [
              30.453666700058196,
              -22.53291046264769
            ],
            [
              30.454248716105464,
              -22.53342781024516
            ],
            [
              30.454636725904244,
              -22.534074493842766
            ],
            [
              30.455348078850836,
              -22.53452717299062
            ],
            [
              30.456124100247045,
              -22.535367861937257
            ],
            [
              30.4563827731465,
              -22.536014546434142
            ],
            [
              30.45605943089806,
              -22.537437251427956
            ],
            [
              30.456253436247177,
              -22.538536614173417
            ],
            [
              30.45657677759625,
              -22.539183297770933
            ],
            [
              30.457094125193723,
              -22.539506640019376
            ],
            [
              30.45677078294537,
              -22.540411997415717
            ],
            [
              30.456835452294357,
              -22.54092934501328
            ],
            [
              30.456253436247177,
              -22.544356770148806
            ],
            [
              30.456641446945326,
              -22.54726684768686
            ],
            [
              30.45599476334772,
              -22.548430878881938
            ],
            [
              30.45605943089806,
              -22.549400904727896
            ],
            [
              30.455930093998646,
              -22.549982919875795
            ],
            [
              30.45491994310096,
              -22.55147005769695
            ],
            [
              30.452919942601348,
              -22.551200057836347
            ],
            [
              30.4510599431619,
              -22.551430057651007
            ],
            [
              30.44888994291663,
              -22.554170058101626
            ],
            [
              30.448119943380764,
              -22.554840058421917
            ],
            [
              30.446809943224324,
              -22.55514005786729
            ],
            [
              30.445169943138367,
              -22.55511005828252
            ],
            [
              30.44435994265728,
              -22.554740058306972
            ],
            [
              30.44375994286716,
              -22.554100057571542
            ],
            [
              30.443239943168926,
              -22.553900058241023
            ],
            [
              30.44284994317041,
              -22.5540500579638
            ],
            [
              30.44266994296358,
              -22.55449005757006
            ],
            [
              30.442129943242286,
              -22.554820058398946
            ],
            [
              30.44071994297108,
              -22.555040057752436
            ],
            [
              30.439949943435213,
              -22.55533005763601
            ],
            [
              30.439779942790185,
              -22.555660057565525
            ],
            [
              30.43791994335074,
              -22.556500057631563
            ],
            [
              30.434199942673285,
              -22.55776993273619
            ],
            [
              30.432889943416214,
              -22.557620058019197
            ],
            [
              30.43233994323384,
              -22.556930057675935
            ],
            [
              30.432019942866123,
              -22.55705005781385
            ],
            [
              30.43152994275275,
              -22.557400057766426
            ],
            [
              30.431229943307287,
              -22.55790005834097
            ],
            [
              30.430589942571856,
              -22.560170057801905
            ],
            [
              30.429939943173906,
              -22.560590058284475
            ],
            [
              30.428999942993013,
              -22.56067005837645
            ],
            [
              30.427959942697264,
              -22.56111005798271
            ],
            [
              30.427379942930116,
              -22.561820058348943
            ],
            [
              30.426689942586854,
              -22.56224005793232
            ],
            [
              30.426239943418704,
              -22.56286005774541
            ],
            [
              30.42574994330524,
              -22.56305005841341
            ],
            [
              30.424979942870095,
              -22.562340058047177
            ],
            [
              30.424339943034035,
              -22.56224005793232
            ],
            [
              30.423419942876112,
              -22.56244005816212
            ],
            [
              30.422609943294304,
              -22.563620057719476
            ],
            [
              30.421539943413695,
              -22.564709932617273
            ],
            [
              30.421539943413695,
              -22.5669600579603
            ],
            [
              30.421689943136382,
              -22.567830057611022
            ],
            [
              30.42141994327578,
              -22.56887005790677
            ],
            [
              30.422029942627788,
              -22.56970005841092
            ],
            [
              30.42204994265076,
              -22.570220058109154
            ],
            [
              30.421179943000038,
              -22.57160005789631
            ],
            [
              30.421059942862122,
              -22.572200057686516
            ],
            [
              30.42162994306747,
              -22.57314005786732
            ],
            [
              30.422029942627788,
              -22.573430057750894
            ],
            [
              30.423339942784228,
              -22.5737600576805
            ],
            [
              30.423959942597318,
              -22.574300059200354
            ],
            [
              30.42405994271226,
              -22.57465005915284
            ],
            [
              30.423909942989575,
              -22.575560058849593
            ],
            [
              30.42480006766905,
              -22.577270058566263
            ],
            [
              30.424999942893155,
              -22.578140059116354
            ],
            [
              30.425029943377208,
              -22.57934005869668
            ],
            [
              30.424789943101377,
              -22.579680059087455
            ],
            [
              30.42418994331126,
              -22.579680059087455
            ],
            [
              30.423969943058488,
              -22.580330059384686
            ],
            [
              30.42426994340323,
              -22.581320059173322
            ],
            [
              30.42379994331274,
              -22.58238005859276
            ],
            [
              30.42403994268929,
              -22.58322005865871
            ],
            [
              30.42383994335877,
              -22.584010059116917
            ],
            [
              30.42317994260028,
              -22.584660059414148
            ],
            [
              30.42225994334173,
              -22.58630993405612
            ],
            [
              30.421059942862122,
              -22.587440059011428
            ],
            [
              30.420539943163888,
              -22.58942005858879
            ],
            [
              30.419769942728742,
              -22.590830058860085
            ],
            [
              30.418269942803672,
              -22.59135005855832
            ],
            [
              30.41714994331532,
              -22.591299933944793
            ],
            [
              30.416629942717716,
              -22.591500059180376
            ],
            [
              30.41566994341322,
              -22.592260059154352
            ],
            [
              30.41524994293056,
              -22.59241005887704
            ],
            [
              30.414729943232416,
              -22.592360059269296
            ],
            [
              30.41412994344212,
              -22.592690059198812
            ],
            [
              30.413789943051523,
              -22.593010058667247
            ],
            [
              30.41323994286906,
              -22.594190059123882
            ],
            [
              30.412569943448226,
              -22.594790058914
            ],
            [
              30.40940994341423,
              -22.596550059137872
            ],
            [
              30.40858994337125,
              -22.597310059111937
            ],
            [
              30.408019943165904,
              -22.598380058992458
            ],
            [
              30.407429942937497,
              -22.598750058968005
            ],
            [
              30.406489942756693,
              -22.599190058574354
            ],
            [
              30.405079943384766,
              -22.598970059220775
            ],
            [
              30.403669943113382,
              -22.599240059081378
            ],
            [
              30.40232994337226,
              -22.59998005903247
            ],
            [
              30.40192994291257,
              -22.600460058684675
            ],
            [
              30.401609943444225,
              -22.60120005863577
            ],
            [
              30.40170994265971,
              -22.601940058586774
            ],
            [
              30.402429942587833,
              -22.60293005927478
            ],
            [
              30.403119942931095,
              -22.60357005911093
            ],
            [
              30.403599942583387,
              -22.605220058758686
            ],
            [
              30.403730068188167,
              -22.60764005884159
            ],
            [
              30.403509942929613,
              -22.608979933577018
            ],
            [
              30.403309942699725,
              -22.60938005904249
            ],
            [
              30.40275994341672,
              -22.609850059132892
            ],
            [
              30.40019994317284,
              -22.611170058851044
            ],
            [
              30.39955994333678,
              -22.611690059448648
            ],
            [
              30.399289942576807,
              -22.6128000593752
            ],
            [
              30.39938994269175,
              -22.613770059140865
            ],
            [
              30.398839943408657,
              -22.615720059133366
            ],
            [
              30.39871994327083,
              -22.61691005915189
            ],
            [
              30.398839943408657,
              -22.61837005903093
            ],
            [
              30.398139942604313,
              -22.620040058701747
            ],
            [
              30.396449942910614,
              -22.622689933593527
            ],
            [
              30.396049943350206,
              -22.624890059328724
            ],
            [
              30.359774943259094,
              -22.642850059282722
            ],
            [
              30.323719943420752,
              -22.653220059058405
            ],
            [
              30.288169942588844,
              -22.653650059102954
            ],
            [
              30.256469943033476,
              -22.6685000586307
            ],
            [
              30.241189942561814,
              -22.67479005911392
            ],
            [
              30.214239942619287,
              -22.685220058958517
            ],
            [
              30.226657943309515,
              -22.692569058815
            ],
            [
              30.188479942695285,
              -22.69361005915684
            ],
            [
              30.134169942788652,
              -22.689630059079953
            ],
            [
              30.138269943003543,
              -22.7196000588955
            ],
            [
              30.1056199428062,
              -22.703980058932522
            ],
            [
              30.06254994232606,
              -22.69810005757151
            ],
            [
              30.058559941788005,
              -22.711300059250235
            ],
            [
              30.033439941699974,
              -22.693730059294754
            ],
            [
              30.021279942115736,
              -22.675920059063444
            ],
            [
              29.98594994243588,
              -22.692959933853825
            ],
            [
              29.962009941905382,
              -22.677710058872087
            ],
            [
              29.936300066594907,
              -22.69188005941711
            ],
            [
              29.928169941689514,
              -22.664810058437386
            ],
            [
              29.91392148608773,
              -22.66828327795089
            ],
            [
              29.919223906857923,
              -22.64144691993934
            ],
            [
              29.9175849418916,
              -22.637139059420015
            ],
            [
              29.920367454194746,
              -22.636166685444188
            ],
            [
              29.925674376970996,
              -22.612285527555027
            ],
            [
              29.93012808414383,
              -22.59346861938118
            ],
            [
              29.934192090792372,
              -22.577546618081907
            ],
            [
              29.934581790417297,
              -22.57609916374534
            ],
            [
              29.934990260692057,
              -22.57534493741888
            ],
            [
              29.928239942219598,
              -22.552427057762454
            ],
            [
              29.919152067214178,
              -22.5297521830168
            ],
            [
              29.914136692054733,
              -22.5217745579495
            ],
            [
              29.91549981696297,
              -22.521659558042124
            ],
            [
              29.918067066641857,
              -22.522312557578434
            ],
            [
              29.91964806670499,
              -22.521963182654687
            ],
            [
              29.923217691743126,
              -22.519891308337154
            ],
            [
              29.923633692041246,
              -22.519242308086014
            ],
            [
              29.92479031731929,
              -22.51831030827411
            ],
            [
              29.925489192172478,
              -22.51731180809344
            ],
            [
              29.926021692447197,
              -22.51692905842921
            ],
            [
              29.926654066931707,
              -22.515472932829557
            ],
            [
              29.92816844162038,
              -22.513267932768795
            ],
            [
              29.92859281730475,
              -22.512152932611702
            ],
            [
              29.928734316635403,
              -22.511221057805493
            ],
            [
              29.928108941574422,
              -22.50740093290668
            ],
            [
              29.927959691886347,
              -22.50525218274195
            ],
            [
              29.92697869161342,
              -22.502231057817053
            ],
            [
              29.92696131671146,
              -22.501737558441466
            ],
            [
              29.927160441900952,
              -22.50138268326422
            ],
            [
              29.92701331731084,
              -22.501001682781414
            ],
            [
              29.927411566790457,
              -22.500248558124465
            ],
            [
              29.92891794200951,
              -22.498941308094818
            ],
            [
              29.92975769206389,
              -22.49843918332168
            ],
            [
              29.929939442351422,
              -22.498092932642706
            ],
            [
              29.93125194172372,
              -22.49804418309253
            ],
            [
              29.932921192259204,
              -22.498365182607056
            ],
            [
              29.937650566820246,
              -22.49866480793454
            ],
            [
              29.93919131682587,
              -22.498964433261932
            ],
            [
              29.942700941795092,
              -22.500077183315366
            ],
            [
              29.947301941731247,
              -22.50247393322546
            ],
            [
              29.95001981706093,
              -22.50339418339477
            ],
            [
              29.95147494171521,
              -22.50290193317765
            ],
            [
              29.952651942033487,
              -22.50230280842784
            ],
            [
              29.955776442229038,
              -22.500141432680927
            ],
            [
              29.960355942073175,
              -22.49624655793225
            ],
            [
              29.96345894217653,
              -22.49331480763221
            ],
            [
              29.96388694212872,
              -22.492587183251906
            ],
            [
              29.96521381716399,
              -22.49153855755834
            ],
            [
              29.966112567241193,
              -22.491410182933542
            ],
            [
              29.967182567121803,
              -22.491709808261025
            ],
            [
              29.972211567010238,
              -22.49459880838824
            ],
            [
              29.97385944156003,
              -22.495219433230247
            ],
            [
              29.9753574422922,
              -22.495497557566164
            ],
            [
              29.976555816797518,
              -22.49541193311419
            ],
            [
              29.977326192250015,
              -22.495069557613974
            ],
            [
              29.97935919157348,
              -22.494684432840213
            ],
            [
              29.980793067046502,
              -22.493849808022155
            ],
            [
              29.98156344159954,
              -22.492950932939166
            ],
            [
              29.983468067197578,
              -22.490126183076793
            ],
            [
              29.98434544218846,
              -22.488071807767636
            ],
            [
              29.985479692334,
              -22.484219808197565
            ],
            [
              29.98556519178019,
              -22.482165307882624
            ],
            [
              29.98526569235786,
              -22.481651807584786
            ],
            [
              29.984687816789307,
              -22.481223807632507
            ],
            [
              29.983767566619996,
              -22.480945558290806
            ],
            [
              29.982034191724644,
              -22.479789933058854
            ],
            [
              29.978546066847528,
              -22.478077933249914
            ],
            [
              29.971826442236566,
              -22.473476933313847
            ],
            [
              29.968616441695456,
              -22.47099455805241
            ],
            [
              29.967503566636328,
              -22.4699245581718
            ],
            [
              29.966112567241193,
              -22.46819118327645
            ],
            [
              29.965106816726234,
              -22.466393558116167
            ],
            [
              29.96472156694678,
              -22.46498118273534
            ],
            [
              29.96474294203319,
              -22.462905308233356
            ],
            [
              29.965106816726234,
              -22.461193308424416
            ],
            [
              29.96587719217873,
              -22.459438558442653
            ],
            [
              29.966476441934237,
              -22.458539683359664
            ],
            [
              29.96716119203548,
              -22.457833558172098
            ],
            [
              29.968680566954692,
              -22.45674205819938
            ],
            [
              29.97043544194215,
              -22.455757682770834
            ],
            [
              29.971355567105768,
              -22.45543668325631
            ],
            [
              29.97788256682709,
              -22.45415268339956
            ],
            [
              29.979958442228355,
              -22.453553557750467
            ],
            [
              29.98813319239297,
              -22.449187932876775
            ],
            [
              29.99321131684884,
              -22.446844682735918
            ],
            [
              29.994353442357497,
              -22.4460833076985
            ],
            [
              29.99806544176677,
              -22.440229807559504
            ],
            [
              29.999136191681902,
              -22.439040057552546
            ],
            [
              30.000611442264308,
              -22.438040683230938
            ],
            [
              30.001943941659665,
              -22.43742205758183
            ],
            [
              30.003228941562416,
              -22.437136557905752
            ],
            [
              30.00720256724478,
              -22.436922307918135
            ],
            [
              30.012937067291862,
              -22.43737443308353
            ],
            [
              30.017696067319694,
              -22.437493433175355
            ],
            [
              30.020646566685766,
              -22.437874182747315
            ],
            [
              30.024929567245845,
              -22.439063932754273
            ],
            [
              30.02807044229709,
              -22.440372557847272
            ],
            [
              30.030497566809306,
              -22.441824058233646
            ],
            [
              30.032424816651954,
              -22.443656183186285
            ],
            [
              30.033733566750737,
              -22.44448905792364
            ],
            [
              30.035256441831354,
              -22.444703182905563
            ],
            [
              30.036565191930137,
              -22.444370057831904
            ],
            [
              30.03773106673537,
              -22.443846557972265
            ],
            [
              30.043870067449724,
              -22.440182183061292
            ],
            [
              30.04981869157936,
              -22.435280557751476
            ],
            [
              30.051603317039483,
              -22.434209807836343
            ],
            [
              30.053364067297966,
              -22.433900432958538
            ],
            [
              30.05655256684751,
              -22.433733933374285
            ],
            [
              30.05793269164045,
              -22.433305558404744
            ],
            [
              30.062762942256022,
              -22.430902308194884
            ],
            [
              30.06894956836796,
              -22.427452058265835
            ],
            [
              30.072717942678956,
              -22.425705057742125
            ],
            [
              30.073434943368,
              -22.425521058250215
            ],
            [
              30.076536943425264,
              -22.42369305758844
            ],
            [
              30.078473942818235,
              -22.423069932631208
            ],
            [
              30.082511942871943,
              -22.421075058267288
            ],
            [
              30.08549994306801,
              -22.41832505825478
            ],
            [
              30.086000942789365,
              -22.417617057980816
            ],
            [
              30.087209942784682,
              -22.41534305833543
            ],
            [
              30.08761594262172,
              -22.41382105829521
            ],
            [
              30.08822094264247,
              -22.41272105793037
            ],
            [
              30.088404943033748,
              -22.411351057705104
            ],
            [
              30.08886894284752,
              -22.41035105835458
            ],
            [
              30.08891694326236,
              -22.409901058287147
            ],
            [
              30.089267943261028,
              -22.409247057805466
            ],
            [
              30.0899419428664,
              -22.408628933078774
            ],
            [
              30.09042494265705,
              -22.407742057649767
            ],
            [
              30.09252394322543,
              -22.407201932922778
            ],
            [
              30.094111942712093,
              -22.40741205772025
            ],
            [
              30.09616194281945,
              -22.406682058230327
            ],
            [
              30.097999943042936,
              -22.405623057957698
            ],
            [
              30.098657942809876,
              -22.405087058420943
            ],
            [
              30.098801943155213,
              -22.404687057961343
            ],
            [
              30.099234943338033,
              -22.402758058037904
            ],
            [
              30.099088942900426,
              -22.40202105822526
            ],
            [
              30.099092943084877,
              -22.400261058001387
            ],
            [
              30.099339942784148,
              -22.39880005807617
            ],
            [
              30.099154242674192,
              -22.39891573697161
            ],
            [
              30.094067910106,
              -22.397989077333964
            ],
            [
              30.093244212950182,
              -22.397494859400187
            ],
            [
              30.091596817739003,
              -22.395888648642188
            ],
            [
              30.090484825814062,
              -22.395209098421116
            ],
            [
              30.085130792052478,
              -22.394241253431098
            ],
            [
              30.082165479952966,
              -22.393088077053065
            ],
            [
              30.081650669343002,
              -22.392676228025472
            ],
            [
              30.079920905225638,
              -22.390596392009883
            ],
            [
              30.0763995971637,
              -22.387075083947945
            ],
            [
              30.072219331556965,
              -22.383038966175324
            ],
            [
              30.06655641124944,
              -22.378035004311965
            ],
            [
              30.065629751611795,
              -22.376923012387024
            ],
            [
              30.059349058212476,
              -22.370601132736052
            ],
            [
              30.053562581847743,
              -22.364958805104713
            ],
            [
              30.043492879193096,
              -22.35577457673525
            ],
            [
              30.042957475906857,
              -22.355012655809432
            ],
            [
              30.042483849749985,
              -22.353880072107586
            ],
            [
              30.041516004759877,
              -22.3528504499882
            ],
            [
              30.04034223570566,
              -22.352067938184756
            ],
            [
              30.03745929521035,
              -22.35120305477711
            ],
            [
              30.03624434080376,
              -22.35029698781565
            ],
            [
              30.03904491239288,
              -22.34700219739347
            ],
            [
              30.041165933760933,
              -22.343727999647385
            ],
            [
              30.042835785942795,
              -22.342961865397744
            ],
            [
              30.04419190423308,
              -22.34465701281085
            ],
            [
              30.0447158591496,
              -22.3460747733321
            ],
            [
              30.045363096729577,
              -22.345951489769362
            ],
            [
              30.045825410314503,
              -22.346043952666257
            ],
            [
              30.04647264879376,
              -22.345859026872557
            ],
            [
              30.046503470358882,
              -22.34555081931486
            ],
            [
              30.046904140813563,
              -22.345427534852842
            ],
            [
              30.049246526705836,
              -22.34555081931486
            ],
            [
              30.05232861487372,
              -22.345088505729933
            ],
            [
              30.05642779130952,
              -22.34576656487503
            ],
            [
              30.057229134017355,
              -22.34576656487503
            ],
            [
              30.060835176202477,
              -22.346537086917024
            ],
            [
              30.061174206224667,
              -22.34681447380888
            ],
            [
              30.06404054703364,
              -22.345489177083806
            ],
            [
              30.06522388307586,
              -22.3445028231467
            ],
            [
              30.099101942600587,
              -22.360913058290972
            ],
            [
              30.099021943407983,
              -22.36022205790162
            ],
            [
              30.099341942876418,
              -22.359519057858197
            ],
            [
              30.10241794263399,
              -22.35744905772778
            ],
            [
              30.10341994297598,
              -22.3564209329796
            ],
            [
              30.104471942925887,
              -22.355867057618557
            ],
            [
              30.10522094329197,
              -22.354987058405946
            ],
            [
              30.106531942595133,
              -22.351959058163935
            ],
            [
              30.107117942639,
              -22.34989505831024
            ],
            [
              30.109396943414296,
              -22.345739058210974
            ],
            [
              30.11158094340582,
              -22.342801057622736
            ],
            [
              30.112349942895595,
              -22.341506058158007
            ],
            [
              30.1137689426826,
              -22.339908058210263
            ],
            [
              30.115557943344434,
              -22.337203057574957
            ],
            [
              30.11655994278723,
              -22.336151057625138
            ],
            [
              30.117090942992636,
              -22.334244057817028
            ],
            [
              30.117074943154115,
              -22.33211605770988
            ],
            [
              30.11739194338356,
              -22.329863058133554
            ],
            [
              30.11738794319902,
              -22.328767057953343
            ],
            [
              30.11696894276254,
              -22.326302057593868
            ],
            [
              30.117245942945953,
              -22.324684057623152
            ],
            [
              30.117550942621957,
              -22.323832057903132
            ],
            [
              30.118120942827304,
              -22.323161058436032
            ],
            [
              30.11996694341978,
              -22.321578058280718
            ],
            [
              30.121657943159658,
              -22.320668057684685
            ],
            [
              30.124331943264643,
              -22.319751057665123
            ],
            [
              30.126121943073287,
              -22.3179420578796
            ],
            [
              30.127086942608322,
              -22.31646505811595
            ],
            [
              30.12873094287873,
              -22.313142057759734
            ],
            [
              30.12898994313144,
              -22.311464057720016
            ],
            [
              30.13300994325427,
              -22.311030056591825
            ],
            [
              30.134639942879144,
              -22.310390057655045
            ],
            [
              30.138269943003543,
              -22.308610058307483
            ],
            [
              30.146699943247807,
              -22.303670058026732
            ],
            [
              30.15022994325735,
              -22.30192005826403
            ],
            [
              30.155239943168905,
              -22.300250057693933
            ],
            [
              30.157349943345263,
              -22.299820057649473
            ],
            [
              30.16368994343614,
              -22.29914005776747
            ],
            [
              30.168999942793157,
              -22.29890005659227
            ],
            [
              30.18064994314042,
              -22.297570058211598
            ],
            [
              30.187819942836164,
              -22.296420058239015
            ],
            [
              30.193219942746236,
              -22.296060057825358
            ],
            [
              30.195559942737166,
              -22.29612005789427
            ],
            [
              30.199889942766717,
              -22.29654005657828
            ],
            [
              30.2031899429616,
              -22.29653005791576
            ],
            [
              30.207119943430744,
              -22.29612005789427
            ],
            [
              30.212729943132416,
              -22.295790057964755
            ],
            [
              30.21879994336278,
              -22.29502005842889
            ],
            [
              30.221729942682746,
              -22.294920058314034
            ],
            [
              30.227539942614307,
              -22.294980056584297
            ],
            [
              30.229599943182922,
              -22.295320057874353
            ],
            [
              30.231139943153934,
              -22.295860057595558
            ]
          ]
        ]
      }
    },
    {
      "type": "Feature",
      "properties": {
        "Province": "Limpopo",
        "Municipali": "Musina Local Municipality",
        "CAT_B": "LIM341",
        "WardNo": 2,
        "District": "Vhembe",
        "DistrictCo": "DC34",
        "Date": "2020-11-24T00:00:00",
        "WardID": "93401002",
        "WardLabel": "LIM341_2",
        "ward_num": 2.0,
        "sample_n": 107.0,
        "birth_outside_sa_pct": 84.1,
        "recent_origin_outside_sa_pct": 85.0,
        "permanent_yes_pct": 35.5,
        "non_permanent_pct": 64.5,
        "stays_12m_pct_non_permanent": 17.4,
        "cross_border_monthly_or_more_pct": 22.4,
        "cross_border_quarterly_or_more_pct": 49.5,
        "cross_border_any_pct": 87.9,
        "moved_within_city_any_pct_non_permanent": 46.4,
        "moved_outside_city_any_pct_non_permanent": 47.8,
        "median_months_stayed_non_permanent": 10.0,
        "mean_months_stayed_non_permanent": 8.6,
        "ecology_class": "anchored circulation"
      },
      "geometry": {
        "type": "Polygon",
        "coordinates": [
          [
            [
              29.654429941888377,
              -22.12503005779089
            ],
            [
              29.65877994194081,
              -22.125390058204548
            ],
            [
              29.66072994193331,
              -22.126160057740414
            ],
            [
              29.66280994162553,
              -22.12759005803468
            ],
            [
              29.66368994173742,
              -22.128390058054688
            ],
            [
              29.664199941873854,
              -22.129250058143608
            ],
            [
              29.66627994156607,
              -22.1316700582266
            ],
            [
              29.6701399424045,
              -22.137330058435385
            ],
            [
              29.671339941984826,
              -22.13829005773997
            ],
            [
              29.672639941680007,
              -22.138810058337484
            ],
            [
              29.675829942198146,
              -22.139050057713945
            ],
            [
              29.67703994223964,
              -22.13897005762206
            ],
            [
              29.692179941651048,
              -22.13641005827755
            ],
            [
              29.69606994207425,
              -22.136920058413896
            ],
            [
              29.700229942358053,
              -22.137110058182614
            ],
            [
              29.701329941823435,
              -22.13727005656782
            ],
            [
              29.702589942372043,
              -22.137770058041735
            ],
            [
              29.70503994203972,
              -22.139310058012747
            ],
            [
              29.707579942260537,
              -22.14048005800821
            ],
            [
              29.711339942084653,
              -22.14170005761151
            ],
            [
              29.71430994235002,
              -22.142920058114175
            ],
            [
              29.716559941787896,
              -22.14343005825052
            ],
            [
              29.719369941869406,
              -22.143330058135664
            ],
            [
              29.72439994180393,
              -22.142220058209112
            ],
            [
              29.73191994235153,
              -22.141340058097132
            ],
            [
              29.734329941973265,
              -22.141360058120103
            ],
            [
              29.739499942068765,
              -22.14176005768051
            ],
            [
              29.743409941615568,
              -22.141610057957823
            ],
            [
              29.750639942279594,
              -22.14085005798376
            ],
            [
              29.760539941964787,
              -22.140500058031183
            ],
            [
              29.76598994238197,
              -22.14047005844641
            ],
            [
              29.769239942069742,
              -22.14048005800821
            ],
            [
              29.773589942122175,
              -22.141420058189105
            ],
            [
              29.776539942364483,
              -22.14302005822903
            ],
            [
              29.783089942247138,
              -22.14728005772841
            ],
            [
              29.78697994177097,
              -22.15054005787735
            ],
            [
              29.78957994206079,
              -22.152400058216077
            ],
            [
              29.79537994243046,
              -22.155760057580594
            ],
            [
              29.798029942328025,
              -22.157540057827347
            ],
            [
              29.798439942349514,
              -22.157880058218034
            ],
            [
              29.80094994208619,
              -22.161410058227577
            ],
            [
              29.802929941663553,
              -22.163700057711395
            ],
            [
              29.80522994160854,
              -22.165500057981298
            ],
            [
              29.807219941646984,
              -22.166290058439415
            ],
            [
              29.812659943401737,
              -22.16896005835995
            ],
            [
              29.81397994222061,
              -22.169470057597014
            ],
            [
              29.816939942024717,
              -22.170370057731965
            ],
            [
              29.824969941809382,
              -22.17329005659085
            ],
            [
              29.831069941624516,
              -22.17496005806023
            ],
            [
              29.835119942231575,
              -22.175100058221027
            ],
            [
              29.84012994214313,
              -22.1747200577844
            ],
            [
              29.853119942231604,
              -22.174400058315964
            ],
            [
              29.85862994181842,
              -22.174840057922225
            ],
            [
              29.859929942412972,
              -22.17520005743669
            ],
            [
              29.861899942428444,
              -22.176410056578817
            ],
            [
              29.86377994189086,
              -22.178040058002253
            ],
            [
              29.86931994196182,
              -22.18379005786481
            ],
            [
              29.87464994224109,
              -22.188590057984765
            ],
            [
              29.877679941676,
              -22.19104005765253
            ],
            [
              29.879079942385495,
              -22.192089933403665
            ],
            [
              29.881509942030288,
              -22.193360057620488
            ],
            [
              29.88452994190331,
              -22.194560058100095
            ],
            [
              29.886649941641558,
              -22.194990058144644
            ],
            [
              29.88906994172446,
              -22.195230058420385
            ],
            [
              29.89033994183487,
              -22.195170056552822
            ],
            [
              29.896410067071017,
              -22.19380005812612
            ],
            [
              29.903319942361545,
              -22.191810058087675
            ],
            [
              29.90723994236943,
              -22.190940058436954
            ],
            [
              29.915999941644017,
              -22.18959993279059
            ],
            [
              29.919809941975334,
              -22.189190057774884
            ],
            [
              29.922399941803896,
              -22.18915005772894
            ],
            [
              29.923949942236078,
              -22.18936005841991
            ],
            [
              29.92571994202175,
              -22.18993005772589
            ],
            [
              29.926639942179673,
              -22.190310058162606
            ],
            [
              29.93515994207771,
              -22.196240058231993
            ],
            [
              29.93686994179447,
              -22.197540057927352
            ],
            [
              29.938219941996763,
              -22.19902005782936
            ],
            [
              29.939749942405975,
              -22.200230057870858
            ],
            [
              29.94824994228104,
              -22.205510057643014
            ],
            [
              29.953439942399513,
              -22.209200057836327
            ],
            [
              29.957379942430457,
              -22.211070057736944
            ],
            [
              29.960549942026255,
              -22.21296005766053
            ],
            [
              29.963299942038763,
              -22.215850057833837
            ],
            [
              29.96556994239898,
              -22.21847005814663
            ],
            [
              29.966129942143155,
              -22.21934005779744
            ],
            [
              29.96776994222911,
              -22.22106005797528
            ],
            [
              29.96988994196736,
              -22.224170058401445
            ],
            [
              29.972070066780216,
              -22.22452005655528
            ],
            [
              29.973779942390472,
              -22.224420058239076
            ],
            [
              29.979279942415488,
              -22.223560058150067
            ],
            [
              29.98188994226702,
              -22.223530057666014
            ],
            [
              29.988609941895334,
              -22.224860057845337
            ],
            [
              29.999799941713995,
              -22.22880005787628
            ],
            [
              29.999769942129223,
              -22.22792005776448
            ],
            [
              29.999959941897853,
              -22.227890058179618
            ],
            [
              30.00287994165602,
              -22.227640057442706
            ],
            [
              30.01124994183137,
              -22.227440058112187
            ],
            [
              30.015039942139627,
              -22.227939932781666
            ],
            [
              30.016139941605008,
              -22.228230057671023
            ],
            [
              30.017599942383505,
              -22.228940058037168
            ],
            [
              30.018519941642058,
              -22.2296500584034
            ],
            [
              30.018929941663547,
              -22.23046005798521
            ],
            [
              30.01984994182138,
              -22.233440057812377
            ],
            [
              30.01986994184435,
              -22.235500056582254
            ],
            [
              30.019539941914836,
              -22.237040056553354
            ],
            [
              30.01919994242352,
              -22.24142005798921
            ],
            [
              30.019339941685036,
              -22.243310057912797
            ],
            [
              30.01963994202978,
              -22.24463005763104
            ],
            [
              30.020539942164643,
              -22.247170057851857
            ],
            [
              30.021869942344054,
              -22.249760057680508
            ],
            [
              30.023199941624096,
              -22.25133005813566
            ],
            [
              30.02562994216817,
              -22.25363005808065
            ],
            [
              30.028349941696447,
              -22.255260057705435
            ],
            [
              30.031479942145673,
              -22.255989933088856
            ],
            [
              30.035379942130675,
              -22.255940057587527
            ],
            [
              30.045069942024266,
              -22.255070057936805
            ],
            [
              30.05045994237245,
              -22.254940058237
            ],
            [
              30.054709942310026,
              -22.25556005805018
            ],
            [
              30.05588994186738,
              -22.255989933088856
            ],
            [
              30.058059942112653,
              -22.25713005760605
            ],
            [
              30.061079941985763,
              -22.259150058128636
            ],
            [
              30.062819942186664,
              -22.260620057569565
            ],
            [
              30.06447994229559,
              -22.26224005763246
            ],
            [
              30.06651006738576,
              -22.264890058429394
            ],
            [
              30.069279943314736,
              -22.26801005841745
            ],
            [
              30.074199942673236,
              -22.273010057867833
            ],
            [
              30.075759942667307,
              -22.274330057586074
            ],
            [
              30.078499943117926,
              -22.27595005764897
            ],
            [
              30.082599943332728,
              -22.27789005807967
            ],
            [
              30.089589942821643,
              -22.28065005765398
            ],
            [
              30.092039943388688,
              -22.281390057605073
            ],
            [
              30.097379943229846,
              -22.284200057686494
            ],
            [
              30.101289942776738,
              -22.28669005829948
            ],
            [
              30.103169943138436,
              -22.288320057924267
            ],
            [
              30.105239943268852,
              -22.29053005821557
            ],
            [
              30.111349942645788,
              -22.297700057911314
            ],
            [
              30.121569942698695,
              -22.308670056577835
            ],
            [
              30.123359943406708,
              -22.309930058025724
            ],
            [
              30.124809942824665,
              -22.310560058299984
            ],
            [
              30.126719942771224,
              -22.311170057651992
            ],
            [
              30.12898994313144,
              -22.311464057720016
            ],
            [
              30.12873094287873,
              -22.313142057759734
            ],
            [
              30.127086942608322,
              -22.31646505811595
            ],
            [
              30.126121943073287,
              -22.3179420578796
            ],
            [
              30.124331943264643,
              -22.319751057665123
            ],
            [
              30.121657943159658,
              -22.320668057684685
            ],
            [
              30.11996694341978,
              -22.321578058280718
            ],
            [
              30.118120942827304,
              -22.323161058436032
            ],
            [
              30.117550942621957,
              -22.323832057903132
            ],
            [
              30.117245942945953,
              -22.324684057623152
            ],
            [
              30.11696894276254,
              -22.326302057593868
            ],
            [
              30.11738794319902,
              -22.328767057953343
            ],
            [
              30.11739194338356,
              -22.329863058133554
            ],
            [
              30.117074943154115,
              -22.33211605770988
            ],
            [
              30.117090942992636,
              -22.334244057817028
            ],
            [
              30.11655994278723,
              -22.336151057625138
            ],
            [
              30.115557943344434,
              -22.337203057574957
            ],
            [
              30.1137689426826,
              -22.339908058210263
            ],
            [
              30.112349942895595,
              -22.341506058158007
            ],
            [
              30.11158094340582,
              -22.342801057622736
            ],
            [
              30.109396943414296,
              -22.345739058210974
            ],
            [
              30.107117942639,
              -22.34989505831024
            ],
            [
              30.106531942595133,
              -22.351959058163935
            ],
            [
              30.10522094329197,
              -22.354987058405946
            ],
            [
              30.104471942925887,
              -22.355867057618557
            ],
            [
              30.10341994297598,
              -22.3564209329796
            ],
            [
              30.10241794263399,
              -22.35744905772778
            ],
            [
              30.099341942876418,
              -22.359519057858197
            ],
            [
              30.099021943407983,
              -22.36022205790162
            ],
            [
              30.099101942600587,
              -22.360913058290972
            ],
            [
              30.062599941933804,
              -22.343231057667108
            ],
            [
              30.036629942218113,
              -22.325609058011615
            ],
            [
              30.03420712455917,
              -22.326574471234846
            ],
            [
              30.033540531770203,
              -22.327140560288612
            ],
            [
              30.03230083611474,
              -22.32587808030912
            ],
            [
              30.030812683858294,
              -22.325226126684345
            ],
            [
              30.029924517002854,
              -22.325141090389007
            ],
            [
              30.02519549857347,
              -22.32543872102017
            ],
            [
              30.023329402629923,
              -22.32502298332399
            ],
            [
              30.021382993630347,
              -22.327933148096264
            ],
            [
              30.023189942062206,
              -22.336301058247194
            ],
            [
              30.023640085121922,
              -22.336795417374518
            ],
            [
              30.022707567300383,
              -22.338365183106674
            ],
            [
              30.019449317232233,
              -22.337585058103944
            ],
            [
              30.018520197948856,
              -22.337999142846083
            ],
            [
              30.011690629419036,
              -22.336401198656315
            ],
            [
              30.011690629419036,
              -22.34044427268495
            ],
            [
              30.01067554304195,
              -22.34169862818904
            ],
            [
              30.01022719233108,
              -22.34133480835469
            ],
            [
              30.00941944195374,
              -22.341927432804738
            ],
            [
              30.008384566894314,
              -22.34232980837387
            ],
            [
              29.98478616664832,
              -22.347733314740665
            ],
            [
              29.982484169308993,
              -22.353676183209288
            ],
            [
              29.966791630929052,
              -22.38280565775483
            ],
            [
              29.99844894236489,
              -22.391644058126765
            ],
            [
              30.026818942140515,
              -22.41615405796333
            ],
            [
              30.071790943097593,
              -22.426150057579015
            ],
            [
              30.06894956836796,
              -22.427452058265835
            ],
            [
              30.062762942256022,
              -22.430902308194884
            ],
            [
              30.05793269164045,
              -22.433305558404744
            ],
            [
              30.05655256684751,
              -22.433733933374285
            ],
            [
              30.053364067297966,
              -22.433900432958538
            ],
            [
              30.051603317039483,
              -22.434209807836343
            ],
            [
              30.04981869157936,
              -22.435280557751476
            ],
            [
              30.043870067449724,
              -22.440182183061292
            ],
            [
              30.03773106673537,
              -22.443846557972265
            ],
            [
              30.036565191930137,
              -22.444370057831904
            ],
            [
              30.035256441831354,
              -22.444703182905563
            ],
            [
              30.03428081680632,
              -22.444655558407263
            ],
            [
              30.033233942092824,
              -22.444203558247562
            ],
            [
              30.032424816651954,
              -22.443656183186285
            ],
            [
              30.030497566809306,
              -22.441824058233646
            ],
            [
              30.02807044229709,
              -22.440372557847272
            ],
            [
              30.024929567245845,
              -22.439063932754273
            ],
            [
              30.020646566685766,
              -22.437874182747315
            ],
            [
              30.017696067319694,
              -22.437493433175355
            ],
            [
              30.012937067291862,
              -22.43737443308353
            ],
            [
              30.006012817237732,
              -22.436922307918135
            ],
            [
              30.00253881711283,
              -22.437279308193432
            ],
            [
              30.000611442264308,
              -22.438040683230938
            ],
            [
              29.999136191681902,
              -22.439040057552546
            ],
            [
              29.99806544176677,
              -22.440229807559504
            ],
            [
              29.99463906703936,
              -22.445678807930598
            ],
            [
              29.993806192302003,
              -22.446487808365685
            ],
            [
              29.992402317313122,
              -22.44727305770537
            ],
            [
              29.98813319239297,
              -22.449187932876775
            ],
            [
              29.979958442228355,
              -22.453553557750467
            ],
            [
              29.97788256682709,
              -22.45415268339956
            ],
            [
              29.974950817426333,
              -22.4546449327174
            ],
            [
              29.97043544194215,
              -22.455757682770834
            ],
            [
              29.968680566954692,
              -22.45674205819938
            ],
            [
              29.96716119203548,
              -22.457833558172098
            ],
            [
              29.96587719217873,
              -22.459438558442653
            ],
            [
              29.965106816726234,
              -22.461193308424416
            ],
            [
              29.964678816774043,
              -22.463718557965002
            ],
            [
              29.964828567384533,
              -22.465601682571563
            ],
            [
              29.965106816726234,
              -22.466393558116167
            ],
            [
              29.966112567241193,
              -22.46819118327645
            ],
            [
              29.967503566636328,
              -22.4699245581718
            ],
            [
              29.969472441600015,
              -22.471722183332083
            ],
            [
              29.976855442125,
              -22.477029307556435
            ],
            [
              29.979744442252215,
              -22.478719933178333
            ],
            [
              29.982034191724644,
              -22.479789933058854
            ],
            [
              29.983767566619996,
              -22.480945558290806
            ],
            [
              29.984687816789307,
              -22.481223807632507
            ],
            [
              29.985458192241804,
              -22.481865807560926
            ],
            [
              29.985608066958797,
              -22.48255055766208
            ],
            [
              29.98556519178019,
              -22.483791808245286
            ],
            [
              29.98434544218846,
              -22.488071807767636
            ],
            [
              29.983040067245387,
              -22.49083230826436
            ],
            [
              29.982034191724644,
              -22.492373183275767
            ],
            [
              29.980793067046502,
              -22.493849808022155
            ],
            [
              29.97935919157348,
              -22.494684432840213
            ],
            [
              29.977326192250015,
              -22.495069557613974
            ],
            [
              29.976555816797518,
              -22.49541193311419
            ],
            [
              29.974629817012527,
              -22.49539055802778
            ],
            [
              29.972211567010238,
              -22.49459880838824
            ],
            [
              29.967182567121803,
              -22.491709808261025
            ],
            [
              29.966112567241193,
              -22.491410182933542
            ],
            [
              29.96521381716399,
              -22.49153855755834
            ],
            [
              29.96388694212872,
              -22.492587183251906
            ],
            [
              29.96345894217653,
              -22.49331480763221
            ],
            [
              29.960355942073175,
              -22.49624655793225
            ],
            [
              29.955776442229038,
              -22.500141432680927
            ],
            [
              29.952651942033487,
              -22.50230280842784
            ],
            [
              29.95147494171521,
              -22.50290193317765
            ],
            [
              29.95001981706093,
              -22.50339418339477
            ],
            [
              29.947301941731247,
              -22.50247393322546
            ],
            [
              29.942700941795092,
              -22.500077183315366
            ],
            [
              29.93919131682587,
              -22.498964433261932
            ],
            [
              29.937650566820246,
              -22.49866480793454
            ],
            [
              29.932921192259204,
              -22.498365182607056
            ],
            [
              29.93125194172372,
              -22.49804418309253
            ],
            [
              29.929939442351422,
              -22.498092932642706
            ],
            [
              29.92975769206389,
              -22.49843918332168
            ],
            [
              29.92891794200951,
              -22.498941308094818
            ],
            [
              29.927324942292305,
              -22.500352433417987
            ],
            [
              29.92701331731084,
              -22.501001682781414
            ],
            [
              29.927160441900952,
              -22.50138268326422
            ],
            [
              29.92696131671146,
              -22.501737558441466
            ],
            [
              29.92697869161342,
              -22.502231057817053
            ],
            [
              29.927959691886347,
              -22.50525218274195
            ],
            [
              29.92828794173516,
              -22.508743932786253
            ],
            [
              29.92866769216031,
              -22.51041393335626
            ],
            [
              29.928701066900793,
              -22.511645432590583
            ],
            [
              29.92816844162038,
              -22.513267932768795
            ],
            [
              29.926654066931707,
              -22.515472932829557
            ],
            [
              29.926021692447197,
              -22.51692905842921
            ],
            [
              29.925489192172478,
              -22.51731180809344
            ],
            [
              29.92479031731929,
              -22.51831030827411
            ],
            [
              29.923633692041246,
              -22.519242308086014
            ],
            [
              29.923217691743126,
              -22.519891308337154
            ],
            [
              29.91964806670499,
              -22.521963182654687
            ],
            [
              29.918067066641857,
              -22.522312557578434
            ],
            [
              29.91549981696297,
              -22.521659558042124
            ],
            [
              29.914136692054733,
              -22.5217745579495
            ],
            [
              29.919152067214178,
              -22.5297521830168
            ],
            [
              29.928239942219598,
              -22.552427057762454
            ],
            [
              29.934990260692057,
              -22.57534493741888
            ],
            [
              29.934581790417297,
              -22.57609916374534
            ],
            [
              29.934192090792372,
              -22.577546618081907
            ],
            [
              29.93012808414383,
              -22.59346861938118
            ],
            [
              29.925674376970996,
              -22.612285527555027
            ],
            [
              29.920367454194746,
              -22.636166685444188
            ],
            [
              29.9175849418916,
              -22.637139059420015
            ],
            [
              29.919223906857923,
              -22.64144691993934
            ],
            [
              29.91392148608773,
              -22.66828327795089
            ],
            [
              29.902589941972252,
              -22.671050059312776
            ],
            [
              29.876479942095763,
              -22.68847005864629
            ],
            [
              29.884679941626086,
              -22.710220058908543
            ],
            [
              29.85949994236851,
              -22.72513005940466
            ],
            [
              29.82120006742925,
              -22.740880059067443
            ],
            [
              29.798509941980317,
              -22.758070058586295
            ],
            [
              29.79039994210368,
              -22.730230058969987
            ],
            [
              29.78852994220315,
              -22.707910059401666
            ],
            [
              29.788290066933104,
              -22.707640058641783
            ],
            [
              29.78787994190583,
              -22.700420058438926
            ],
            [
              29.76383994215967,
              -22.671200059035463
            ],
            [
              29.748249941781463,
              -22.68013005895499
            ],
            [
              29.707329942422994,
              -22.671769934235027
            ],
            [
              29.705989941782413,
              -22.672860059144302
            ],
            [
              29.653349942445878,
              -22.66833005888513
            ],
            [
              29.618839941909897,
              -22.65944993356756
            ],
            [
              29.578319942111747,
              -22.634160058739656
            ],
            [
              29.538529941803432,
              -22.615100058420907
            ],
            [
              29.474119941981808,
              -22.599610059056925
            ],
            [
              29.482159942227643,
              -22.63129005858932
            ],
            [
              29.42160994234499,
              -22.624870059305753
            ],
            [
              29.423799941713952,
              -22.639270058766154
            ],
            [
              29.3686799422256,
              -22.651970058971056
            ],
            [
              29.356539941764964,
              -22.641410059426654
            ],
            [
              29.343939941675007,
              -22.630120058593768
            ],
            [
              29.308779941740987,
              -22.602040058701718
            ],
            [
              29.308019941766922,
              -22.61284993397716
            ],
            [
              29.300759942417493,
              -22.613180058912548
            ],
            [
              29.295259942392477,
              -22.61303005918986
            ],
            [
              29.282769941979264,
              -22.612220058708683
            ],
            [
              29.27884994197129,
              -22.61153005926479
            ],
            [
              29.277429942138195,
              -22.61153005926479
            ],
            [
              29.276799941863846,
              -22.61194005928628
            ],
            [
              29.277209941885335,
              -22.612680059237285
            ],
            [
              29.27753994181485,
              -22.6123400588466
            ],
            [
              29.283629939370254,
              -22.61944005531424
            ],
            [
              29.259669942413908,
              -22.63593005942461
            ],
            [
              29.241669942413967,
              -22.6469000589905
            ],
            [
              29.20935994170803,
              -22.66278005925228
            ],
            [
              29.19994994213621,
              -22.62248005880762
            ],
            [
              29.175589942022246,
              -22.57679005891406
            ],
            [
              29.165879942105683,
              -22.553120058244076
            ],
            [
              29.107339942284533,
              -22.53925005804371
            ],
            [
              29.061679941975832,
              -22.548410057777897
            ],
            [
              29.038769942179194,
              -22.55726005760554
            ],
            [
              29.013939941974826,
              -22.57055005803867
            ],
            [
              28.979110066076736,
              -22.581130059404693
            ],
            [
              28.961119940632813,
              -22.560990057844794
            ],
            [
              28.943849941021988,
              -22.534900057991276
            ],
            [
              28.93291006604674,
              -22.521060058274962
            ],
            [
              28.903509941430666,
              -22.51268005763844
            ],
            [
              28.901969960345436,
              -22.512020037994347
            ],
            [
              28.902819968966437,
              -22.511770030062834
            ],
            [
              28.904289971105385,
              -22.511000020634437
            ],
            [
              28.905309972277443,
              -22.50952002882622
            ],
            [
              28.905820036265734,
              -22.508290027862472
            ],
            [
              28.90586996932369,
              -22.505330027158994
            ],
            [
              28.9049999723709,
              -22.501290027912475
            ],
            [
              28.904749970734617,
              -22.497560028572412
            ],
            [
              28.90545997020148,
              -22.49348002927995
            ],
            [
              28.905969979331164,
              -22.492200035902883
            ],
            [
              28.90714996989527,
              -22.491840029193995
            ],
            [
              28.910669972141573,
              -22.49215002910054
            ],
            [
              28.913329971600938,
              -22.491890027902368
            ],
            [
              28.915219968826506,
              -22.491590027557624
            ],
            [
              28.916699982218436,
              -22.49108002112605
            ],
            [
              28.917409961000956,
              -22.490460039299283
            ],
            [
              28.91791997013055,
              -22.488980026806722
            ],
            [
              28.91807997121369,
              -22.487350029879867
            ],
            [
              28.918439970728155,
              -22.485860028617406
            ],
            [
              28.918899968558737,
              -22.48168003010928
            ],
            [
              28.91986997012314,
              -22.475490028841723
            ],
            [
              28.91980997095342,
              -22.47268002696165
            ],
            [
              28.919559970216508,
              -22.47182002777201
            ],
            [
              28.919459971000933,
              -22.470640035409257
            ],
            [
              28.91960996892497,
              -22.467990030115743
            ],
            [
              28.92113997113283,
              -22.464610027131044
            ],
            [
              28.921399972330914,
              -22.46369002967114
            ],
            [
              28.922569963333217,
              -22.462010041230336
            ],
            [
              28.923189970340907,
              -22.460580027446237
            ],
            [
              28.923649971768878,
              -22.458430032619887
            ],
            [
              28.92327896185462,
              -22.457035038436253
            ],
            [
              28.925110066076737,
              -22.452930057775884
            ],
            [
              28.926279941066507,
              -22.45116005799021
            ],
            [
              28.927729941383745,
              -22.449380057743458
            ],
            [
              28.928969941010013,
              -22.44837005793185
            ],
            [
              28.93230994125084,
              -22.444830056561855
            ],
            [
              28.932659941203415,
              -22.4438400576725
            ],
            [
              28.934119941082454,
              -22.441660057865338
            ],
            [
              28.936059940613784,
              -22.440550057938786
            ],
            [
              28.9381199411824,
              -22.438730057646
            ],
            [
              28.93923994067084,
              -22.437520057604505
            ],
            [
              28.939669940715213,
              -22.436620056570273
            ],
            [
              28.940119940782644,
              -22.436210057448154
            ],
            [
              28.941209940686313,
              -22.43567005772695
            ],
            [
              28.942799941164438,
              -22.434280056579343
            ],
            [
              28.94433994113545,
              -22.432010058017777
            ],
            [
              28.94458994097308,
              -22.431480057858284
            ],
            [
              28.94474994115685,
              -22.42955993244486
            ],
            [
              28.944279941066537,
              -22.427300057551598
            ],
            [
              28.944489940858137,
              -22.42624005813216
            ],
            [
              28.94576006597433,
              -22.42389005767997
            ],
            [
              28.947239940870645,
              -22.422700057661444
            ],
            [
              28.949149940817204,
              -22.42028005757854
            ],
            [
              28.95117994090159,
              -22.41553005796579
            ],
            [
              28.951489940808223,
              -22.4131700579518
            ],
            [
              28.951529940854165,
              -22.40868005773839
            ],
            [
              28.95186994124485,
              -22.407290056590785
            ],
            [
              28.951909941290793,
              -22.40548005765854
            ],
            [
              28.95243994055083,
              -22.404080057848326
            ],
            [
              28.954679941326273,
              -22.4004099326722
            ],
            [
              28.955659940653828,
              -22.399090057959743
            ],
            [
              28.956239941320256,
              -22.397870056557796
            ],
            [
              28.95846994073525,
              -22.395230058020772
            ],
            [
              28.95958994112297,
              -22.393750058118673
            ],
            [
              28.959929940614288,
              -22.39300005770641
            ],
            [
              28.961999940744704,
              -22.390610058107647
            ],
            [
              28.96408994089809,
              -22.388560058000202
            ],
            [
              28.96644994091208,
              -22.385820058448864
            ],
            [
              28.967209940886146,
              -22.384530058315484
            ],
            [
              28.967659940953578,
              -22.384150057878767
            ],
            [
              28.968259940743696,
              -22.383230057720933
            ],
            [
              28.9689999406947,
              -22.38126005770546
            ],
            [
              28.970359941358254,
              -22.37931005771296
            ],
            [
              28.971079941286288,
              -22.377480057858374
            ],
            [
              28.971449941261834,
              -22.37698005818311
            ],
            [
              28.97195994139818,
              -22.374690057799924
            ],
            [
              28.97216994118987,
              -22.372720057784452
            ],
            [
              28.971839941260352,
              -22.368010058217553
            ],
            [
              28.971319940662838,
              -22.366400057716458
            ],
            [
              28.97025006578801,
              -22.364230056571817
            ],
            [
              28.969519941292305,
              -22.361030058290527
            ],
            [
              28.969359941108447,
              -22.35896005816011
            ],
            [
              28.969039940740732,
              -22.3574200581891
            ],
            [
              28.96791994125229,
              -22.35357005781184
            ],
            [
              28.9670399411404,
              -22.3520500578638
            ],
            [
              28.96618994061337,
              -22.350940057937336
            ],
            [
              28.96539994105453,
              -22.35055005793882
            ],
            [
              28.96446994133472,
              -22.34950005808118
            ],
            [
              28.96361994080769,
              -22.347720057834337
            ],
            [
              28.96353006615961,
              -22.347180058113132
            ],
            [
              28.96403994129035,
              -22.34309005656085
            ],
            [
              28.964139941405204,
              -22.337600057896285
            ],
            [
              28.963309940901144,
              -22.331420057989266
            ],
            [
              28.962709941110937,
              -22.329460058434876
            ],
            [
              28.96273006613969,
              -22.328790058114674
            ],
            [
              28.96358994122283,
              -22.32289005762997
            ],
            [
              28.96382994059938,
              -22.319210057897827
            ],
            [
              28.963729941383715,
              -22.318510057992764
            ],
            [
              28.964339940735723,
              -22.317190058274523
            ],
            [
              28.964759941218382,
              -22.31519005777491
            ],
            [
              28.965409940616333,
              -22.313210058197548
            ],
            [
              28.965729940984048,
              -22.310530057815843
            ],
            [
              28.966579940611798,
              -22.307540058426962
            ],
            [
              28.96765006639747,
              -22.306020057579552
            ],
            [
              28.968689940788156,
              -22.305040058251997
            ],
            [
              28.970369940920055,
              -22.30428005827802
            ],
            [
              28.974189940813172,
              -22.301980057433664
            ],
            [
              28.976109941220813,
              -22.300490057969764
            ],
            [
              28.977519940592828,
              -22.297880058118142
            ],
            [
              28.977899941029545,
              -22.29634005814713
            ],
            [
              28.9779300656201,
              -22.295430057551098
            ],
            [
              28.97758994112291,
              -22.29330005825105
            ],
            [
              28.977649941191913,
              -22.291290058189546
            ],
            [
              28.978119941282316,
              -22.29033005798577
            ],
            [
              28.978749940657295,
              -22.289510057942792
            ],
            [
              28.979179940701755,
              -22.289200058036247
            ],
            [
              28.979779941391243,
              -22.2890400578523
            ],
            [
              28.980739940695738,
              -22.288230058270493
            ],
            [
              28.981349940947027,
              -22.28689005763
            ],
            [
              28.981729941383744,
              -22.28559005793473
            ],
            [
              28.982140066411016,
              -22.28519005657576
            ],
            [
              28.982599941034465,
              -22.28478005655436
            ],
            [
              28.983949941236848,
              -22.284200057686494
            ],
            [
              28.985139941255373,
              -22.284010057917776
            ],
            [
              28.98763994143016,
              -22.284000056557325
            ],
            [
              28.989429941238804,
              -22.283720058034202
            ],
            [
              28.996479941696002,
              -22.28046005788535
            ],
            [
              28.997359941807893,
              -22.279880058118113
            ],
            [
              28.99923994216968,
              -22.278220058009186
            ],
            [
              29.002769942179135,
              -22.274720057584503
            ],
            [
              29.003429942038256,
              -22.27337005828149
            ],
            [
              29.003689942337058,
              -22.27019005822452
            ],
            [
              29.004549942425978,
              -22.267470057796874
            ],
            [
              29.004189942012232,
              -22.266390056555814
            ],
            [
              29.004189942012232,
              -22.26545005817357
            ],
            [
              29.004859942332523,
              -22.262560058000265
            ],
            [
              29.005179941800957,
              -22.262120058393915
            ],
            [
              29.00563994232956,
              -22.261829932605277
            ],
            [
              29.006859941932856,
              -22.261210057797882
            ],
            [
              29.007939942274547,
              -22.2609500565998
            ],
            [
              29.011969941959265,
              -22.25859005838437
            ],
            [
              29.01314994241599,
              -22.257810056588863
            ],
            [
              29.013669942114134,
              -22.256910058252473
            ],
            [
              29.013849942321052,
              -22.253770058241535
            ],
            [
              29.013659941653053,
              -22.249280058028216
            ],
            [
              29.013399942253532,
              -22.247780058103146
            ],
            [
              29.01358994202225,
              -22.24619005762502
            ],
            [
              29.013099941908788,
              -22.24380005802626
            ],
            [
              29.01320994158562,
              -22.24033005808563
            ],
            [
              29.012789942002243,
              -22.237950058048668
            ],
            [
              29.013529941953337,
              -22.232770056592805
            ],
            [
              29.014179942250568,
              -22.2309400576375
            ],
            [
              29.015029941878407,
              -22.22988005821806
            ],
            [
              29.01657994231059,
              -22.22879005831448
            ],
            [
              29.018449942211117,
              -22.226900056592243
            ],
            [
              29.019419941976782,
              -22.22621005804772
            ],
            [
              29.0206599434017,
              -22.226120056595295
            ],
            [
              29.021709942360058,
              -22.226290058139604
            ],
            [
              29.02497994207071,
              -22.228280058178047
            ],
            [
              29.02683994240944,
              -22.22903005769094
            ],
            [
              29.028049941551654,
              -22.22883993291653
            ],
            [
              29.028869941594543,
              -22.228440056563343
            ],
            [
              29.029369942169087,
              -22.227990058294473
            ],
            [
              29.029969941959294,
              -22.22695993255483
            ],
            [
              29.030359941957812,
              -22.225900058141086
            ],
            [
              29.030269942304038,
              -22.223910058102643
            ],
            [
              29.030449941611586,
              -22.221390057904795
            ],
            [
              29.03222994185834,
              -22.21899993330025
            ],
            [
              29.03524994173145,
              -22.216920057714447
            ],
            [
              29.03693994232452,
              -22.21631005656379
            ],
            [
              29.038719941671992,
              -22.21657005776187
            ],
            [
              29.043749941606606,
              -22.216650057853844
            ],
            [
              29.044839942409467,
              -22.21680005757653
            ],
            [
              29.045429941738504,
              -22.216930058175617
            ],
            [
              29.04640994196525,
              -22.217590058034737
            ],
            [
              29.046729942332966,
              -22.218030057641
            ],
            [
              29.047849941821408,
              -22.218880058168118
            ],
            [
              29.049029942278043,
              -22.219200057636463
            ],
            [
              29.050479941696,
              -22.219050057913776
            ],
            [
              29.05220994233501,
              -22.21846005768546
            ],
            [
              29.055989942182098,
              -22.218160058240084
            ],
            [
              29.058949941986295,
              -22.218580057823374
            ],
            [
              29.06306006676877,
              -22.218760058030202
            ],
            [
              29.071109941570622,
              -22.218180058263055
            ],
            [
              29.073569941699468,
              -22.21896005826009
            ],
            [
              29.07815994202773,
              -22.22083005816062
            ],
            [
              29.07922994190834,
              -22.22107005843636
            ],
            [
              29.08131994206173,
              -22.221120058044193
            ],
            [
              29.085679941675963,
              -22.220750058068646
            ],
            [
              29.086389942042196,
              -22.220560058300016
            ],
            [
              29.09139994195384,
              -22.21872005798426
            ],
            [
              29.093600066789666,
              -22.218120058194053
            ],
            [
              29.096649942141134,
              -22.216890058129675
            ],
            [
              29.098769941879382,
              -22.21639005755513
            ],
            [
              29.101249942031288,
              -22.21510005742166
            ],
            [
              29.10338994179242,
              -22.213510057842818
            ],
            [
              29.10468994238697,
              -22.212800056577304
            ],
            [
              29.108019942166624,
              -22.212430058400496
            ],
            [
              29.111499941669056,
              -22.21268005823804
            ],
            [
              29.114919942001766,
              -22.213280058028246
            ],
            [
              29.11648994155764,
              -22.213930057426197
            ],
            [
              29.117219941946843,
              -22.214070057586994
            ],
            [
              29.121809942275107,
              -22.214480057608483
            ],
            [
              29.12594994163648,
              -22.214550058138656
            ],
            [
              29.127399941953808,
              -22.21442005843894
            ],
            [
              29.130609941595637,
              -22.213640058441904
            ],
            [
              29.133269941954282,
              -22.21358005657434
            ],
            [
              29.134479941995778,
              -22.21378005770342
            ],
            [
              29.13817994175089,
              -22.214910057653032
            ],
            [
              29.14072994243297,
              -22.215980058432923
            ],
            [
              29.14329994223856,
              -22.216430057601073
            ],
            [
              29.145399941953837,
              -22.216500058131157
            ],
            [
              29.150029942328043,
              -22.215890057879868
            ],
            [
              29.153069942224036,
              -22.215140056568323
            ],
            [
              29.155469942284057,
              -22.214290057839854
            ],
            [
              29.158459941673026,
              -22.21248005800824
            ],
            [
              29.160749942056214,
              -22.20990005774148
            ],
            [
              29.166159942427456,
              -22.20736005841994
            ],
            [
              29.17122994240801,
              -22.20325005774388
            ],
            [
              29.173029941778456,
              -22.202060057725443
            ],
            [
              29.174469941634523,
              -22.200630058330457
            ],
            [
              29.175559942437385,
              -22.19923005762105
            ],
            [
              29.17718994206226,
              -22.197590058434375
            ],
            [
              29.180539941864886,
              -22.1928100574382
            ],
            [
              29.182599942433413,
              -22.191390057605016
            ],
            [
              29.18729994243851,
              -22.189440057612515
            ],
            [
              29.18816994208923,
              -22.18871005812268
            ],
            [
              29.189159941877868,
              -22.18696005656133
            ],
            [
              29.190769942378964,
              -22.185800057926315
            ],
            [
              29.19457994181091,
              -22.184120057794328
            ],
            [
              29.19794994163651,
              -22.183390058304493
            ],
            [
              29.204889942416962,
              -22.18291005775292
            ],
            [
              29.206429942387974,
              -22.18268005793826
            ],
            [
              29.208159942127704,
              -22.18266005791529
            ],
            [
              29.21147994234556,
              -22.181980058033197
            ],
            [
              29.213239941669972,
              -22.18099005824456
            ],
            [
              29.214869942194127,
              -22.17951005744318
            ],
            [
              29.215939942074737,
              -22.178790058414428
            ],
            [
              29.217199941723976,
              -22.178310057862856
            ],
            [
              29.218899941878846,
              -22.178100058071166
            ],
            [
              29.221899941728985,
              -22.17824993278807
            ],
            [
              29.22695994214765,
              -22.17883005756109
            ],
            [
              29.230189941812363,
              -22.17968005808812
            ],
            [
              29.233029942378014,
              -22.180230058270496
            ],
            [
              29.23828994212711,
              -22.18182005784934
            ],
            [
              29.240039941889812,
              -22.183050057913807
            ],
            [
              29.24155994183794,
              -22.183670057726985
            ],
            [
              29.242919943400686,
              -22.184750058068676
            ],
            [
              29.245719942121656,
              -22.186480057808318
            ],
            [
              29.248489942157136,
              -22.187690057849903
            ],
            [
              29.249829941898348,
              -22.18808993330372
            ],
            [
              29.251719941821936,
              -22.189060058075167
            ],
            [
              29.252599941933827,
              -22.189680057888346
            ],
            [
              29.25347994204572,
              -22.190570057562038
            ],
            [
              29.254269941604555,
              -22.191770058041733
            ],
            [
              29.255729942382963,
              -22.19298005808314
            ],
            [
              29.257729941983296,
              -22.19339005810463
            ],
            [
              29.259019942116677,
              -22.193330058035716
            ],
            [
              29.260509941580576,
              -22.19278005785334
            ],
            [
              29.261729942083242,
              -22.192060057925307
            ],
            [
              29.264289942327032,
              -22.19001005781786
            ],
            [
              29.26597994202073,
              -22.189400057566573
            ],
            [
              29.26762006711247,
              -22.18959005823457
            ],
            [
              29.268659942402437,
              -22.190230058070632
            ],
            [
              29.2707099416106,
              -22.192930057576028
            ],
            [
              29.271159941678032,
              -22.19317005785186
            ],
            [
              29.272669942064184,
              -22.193140058266998
            ],
            [
              29.277159942277592,
              -22.192630058130653
            ],
            [
              29.27771994202177,
              -22.192270057716907
            ],
            [
              29.279349941646554,
              -22.19001005781786
            ],
            [
              29.28051994164211,
              -22.188760057730423
            ],
            [
              29.28290994214015,
              -22.186840058222064
            ],
            [
              29.284219942296502,
              -22.18611005783286
            ],
            [
              29.286159941827922,
              -22.186010057718004
            ],
            [
              29.28696994230901,
              -22.18633005808563
            ],
            [
              29.289229942208145,
              -22.187730057895845
            ],
            [
              29.291009941555618,
              -22.18806005782536
            ],
            [
              29.293309942399976,
              -22.187900057641503
            ],
            [
              29.295899942228626,
              -22.18672005808415
            ],
            [
              29.29835994235747,
              -22.186040058202057
            ],
            [
              29.29939994175394,
              -22.185960058110172
            ],
            [
              29.301859941882874,
              -22.186080058248
            ],
            [
              29.30607994223559,
              -22.187750057918816
            ],
            [
              29.309159942177615,
              -22.188310057662992
            ],
            [
              29.312169941589556,
              -22.18808993330372
            ],
            [
              29.317059942262564,
              -22.187030057990782
            ],
            [
              29.32061994185688,
              -22.18700005840592
            ],
            [
              29.322809942125122,
              -22.188000057756447
            ],
            [
              29.324119942281563,
              -22.18912005814408
            ],
            [
              29.325059941563087,
              -22.19150005818104
            ],
            [
              29.325419941976833,
              -22.19538005814316
            ],
            [
              29.32595994169795,
              -22.197620058019236
            ],
            [
              29.326519942341495,
              -22.198810058037672
            ],
            [
              29.32750994213022,
              -22.20025005789383
            ],
            [
              29.32945994212272,
              -22.20229993299549
            ],
            [
              29.33030994175047,
              -22.202950058298505
            ],
            [
              29.33198994188237,
              -22.204170057901802
            ],
            [
              29.333779941691013,
              -22.204820058199033
            ],
            [
              29.33605994161312,
              -22.20456005790032
            ],
            [
              29.33777994179096,
              -22.203850058433456
            ],
            [
              29.340189942312062,
              -22.202140057817328
            ],
            [
              29.341819941936848,
              -22.200030057641058
            ],
            [
              29.344769942179155,
              -22.194770057891784
            ],
            [
              29.34569994189879,
              -22.19347993275271
            ],
            [
              29.34659994203374,
              -22.19276005783037
            ],
            [
              29.347159941777917,
              -22.192640057692454
            ],
            [
              29.348599941634074,
              -22.192690058199567
            ],
            [
              29.349749941606568,
              -22.19337005808166
            ],
            [
              29.350309942250114,
              -22.194140057617524
            ],
            [
              29.351649941991326,
              -22.197110057882803
            ],
            [
              29.352009942404983,
              -22.197580057973294
            ],
            [
              29.3528099424249,
              -22.198020057579555
            ],
            [
              29.355229941608613,
              -22.198860057645504
            ],
            [
              29.359119942031725,
              -22.199730058195595
            ],
            [
              29.36287994185593,
              -22.199550057988766
            ],
            [
              29.366259942142698,
              -22.19856005820013
            ],
            [
              29.371369942169196,
              -22.19666005781537
            ],
            [
              29.37702994237798,
              -22.194780056554304
            ],
            [
              29.385569942299078,
              -22.19212005799422
            ],
            [
              29.38839994240347,
              -22.190760058230037
            ],
            [
              29.398189942412007,
              -22.18464005839193
            ],
            [
              29.399169941739473,
              -22.1842100574481
            ],
            [
              29.405829942198153,
              -22.18331005821252
            ],
            [
              29.408049942051257,
              -22.181790058264568
            ],
            [
              29.40832994237294,
              -22.18143005785082
            ],
            [
              29.409069942324034,
              -22.178950057698916
            ],
            [
              29.4096399416301,
              -22.17820005818602
            ],
            [
              29.41475994211768,
              -22.17582005814906
            ],
            [
              29.416849942271067,
              -22.175050057714003
            ],
            [
              29.42293994162503,
              -22.173310058412383
            ],
            [
              29.42782994229804,
              -22.172240057632493
            ],
            [
              29.43810994241995,
              -22.17087005830651
            ],
            [
              29.439589942322048,
              -22.17047005784682
            ],
            [
              29.44966994221407,
              -22.16899005794481
            ],
            [
              29.455619942306516,
              -22.167570058111625
            ],
            [
              29.461549942375992,
              -22.166750058068647
            ],
            [
              29.46411994218167,
              -22.166120057794387
            ],
            [
              29.46817994235053,
              -22.1657100577729
            ],
            [
              29.472179941551108,
              -22.16559005763507
            ],
            [
              29.47565994195282,
              -22.165919932558804
            ],
            [
              29.483229942108252,
              -22.167330057835883
            ],
            [
              29.4861699418893,
              -22.16807005778689
            ],
            [
              29.489429942038242,
              -22.169080057598496
            ],
            [
              29.490519941941823,
              -22.1696100577579
            ],
            [
              29.499059941862832,
              -22.172020058279003
            ],
            [
              29.500229941858386,
              -22.172990058044757
            ],
            [
              29.501079942385505,
              -22.173389932599292
            ],
            [
              29.50631994211172,
              -22.175450058173602
            ],
            [
              29.51081994188684,
              -22.1768600584449
            ],
            [
              29.51786994234404,
              -22.178090057609996
            ],
            [
              29.521649942191125,
              -22.178260058255024
            ],
            [
              29.52648994235702,
              -22.178230057770882
            ],
            [
              29.528269941704494,
              -22.177880057818395
            ],
            [
              29.53097994167106,
              -22.17607005798678
            ],
            [
              29.53208994159761,
              -22.17474005780737
            ],
            [
              29.534789942002288,
              -22.170320058124133
            ],
            [
              29.535179942000717,
              -22.16877005769195
            ],
            [
              29.535209941585578,
              -22.166530057815876
            ],
            [
              29.534079941636055,
              -22.160110057633027
            ],
            [
              29.53417994175091,
              -22.158350058308525
            ],
            [
              29.534699942348514,
              -22.156480058407908
            ],
            [
              29.53548994190735,
              -22.155160057790386
            ],
            [
              29.537299941738965,
              -22.15377005844143
            ],
            [
              29.539249941731466,
              -22.15266005761551
            ],
            [
              29.54258994197229,
              -22.152060057825302
            ],
            [
              29.548629941718513,
              -22.151720057434616
            ],
            [
              29.555579942060678,
              -22.151070058036666
            ],
            [
              29.56101994201678,
              -22.150239933426104
            ],
            [
              29.562540066970517,
              -22.149820057949317
            ],
            [
              29.565579941860904,
              -22.148440058162162
            ],
            [
              29.573349942246047,
              -22.143070057836862
            ],
            [
              29.574839941709946,
              -22.142310057862886
            ],
            [
              29.57641994172699,
              -22.14155005788882
            ],
            [
              29.57875994171801,
              -22.14086005844493
            ],
            [
              29.58022006840148,
              -22.1409000575915
            ],
            [
              29.582569942049236,
              -22.141200057936246
            ],
            [
              29.584869941994313,
              -22.141820057749424
            ],
            [
              29.588309942349994,
              -22.143390058204577
            ],
            [
              29.592590066878127,
              -22.146290057939773
            ],
            [
              29.59676994217912,
              -22.15049005826952
            ],
            [
              29.599759941568088,
              -22.153240058282027
            ],
            [
              29.601889941767507,
              -22.15441005827749
            ],
            [
              29.604239942219607,
              -22.155310058412354
            ],
            [
              29.60622994225814,
              -22.155820057649507
            ],
            [
              29.6088199420867,
              -22.155960057810393
            ],
            [
              29.610239941919797,
              -22.15569005794979
            ],
            [
              29.613379941930823,
              -22.15477005779187
            ],
            [
              29.614879941855893,
              -22.153709931567995
            ],
            [
              29.61653994196482,
              -22.152090058309533
            ],
            [
              29.61740994161554,
              -22.15051005829249
            ],
            [
              29.620049941951304,
              -22.144650057853816
            ],
            [
              29.622110066626334,
              -22.141470057796848
            ],
            [
              29.623779942190648,
              -22.139950057848896
            ],
            [
              29.625379942230573,
              -22.138029933334753
            ],
            [
              29.628199941873884,
              -22.135620057819345
            ],
            [
              29.630769941679475,
              -22.134300058101104
            ],
            [
              29.632749942156206,
              -22.133530057666047
            ],
            [
              29.63644994191132,
              -22.132910057852868
            ],
            [
              29.63991994185186,
              -22.13254005787732
            ],
            [
              29.64072994233304,
              -22.13227005801672
            ],
            [
              29.642619942256626,
              -22.131380057443657
            ],
            [
              29.647239942169662,
              -22.128340058446856
            ],
            [
              29.650529941903375,
              -22.126679932432864
            ],
            [
              29.653049942101134,
              -22.12547005829652
            ],
            [
              29.654429941888377,
              -22.12503005779089
            ]
          ]
        ]
      }
    },
    {
      "type": "Feature",
      "properties": {
        "Province": "Limpopo",
        "Municipali": "Musina Local Municipality",
        "CAT_B": "LIM341",
        "WardNo": 3,
        "District": "Vhembe",
        "DistrictCo": "DC34",
        "Date": "2020-11-24T00:00:00",
        "WardID": "93401003",
        "WardLabel": "LIM341_3",
        "ward_num": 3.0,
        "sample_n": 100.0,
        "birth_outside_sa_pct": 77.0,
        "recent_origin_outside_sa_pct": 63.0,
        "permanent_yes_pct": 56.0,
        "non_permanent_pct": 44.0,
        "stays_12m_pct_non_permanent": 40.9,
        "cross_border_monthly_or_more_pct": 9.0,
        "cross_border_quarterly_or_more_pct": 26.0,
        "cross_border_any_pct": 70.0,
        "moved_within_city_any_pct_non_permanent": 56.8,
        "moved_outside_city_any_pct_non_permanent": 31.8,
        "median_months_stayed_non_permanent": 11.0,
        "mean_months_stayed_non_permanent": 9.9,
        "ecology_class": "settlement-leaning"
      },
      "geometry": {
        "type": "Polygon",
        "coordinates": [
          [
            [
              30.02484590061791,
              -22.32542454770467
            ],
            [
              30.029924517002854,
              -22.325141090389007
            ],
            [
              30.030812683858294,
              -22.325226126684345
            ],
            [
              30.03230083611474,
              -22.32587808030912
            ],
            [
              30.033540531770203,
              -22.327140560288612
            ],
            [
              30.032711924315908,
              -22.328357808865746
            ],
            [
              30.031637248859994,
              -22.329159922292536
            ],
            [
              30.030928585785638,
              -22.32951036021486
            ],
            [
              30.029433386441656,
              -22.329860797237995
            ],
            [
              30.02911119982205,
              -22.331076989111693
            ],
            [
              30.029445076728972,
              -22.332058980437548
            ],
            [
              30.027485281320704,
              -22.33274078795697
            ],
            [
              30.02751959495335,
              -22.333730997287677
            ],
            [
              30.029642173047883,
              -22.333642761204437
            ],
            [
              30.03234809189101,
              -22.332878044286204
            ],
            [
              30.032455936792108,
              -22.333333933114492
            ],
            [
              30.031871068994715,
              -22.333581872605297
            ],
            [
              30.032344941565853,
              -22.334848057791596
            ],
            [
              30.035769708305477,
              -22.333691780551153
            ],
            [
              30.035125942108593,
              -22.33210805824026
            ],
            [
              30.035759941668022,
              -22.331825057780126
            ],
            [
              30.036830941594722,
              -22.33189005807967
            ],
            [
              30.03715080076889,
              -22.33261757274276
            ],
            [
              30.03656305064432,
              -22.33278188967242
            ],
            [
              30.037321941754275,
              -22.335026057906155
            ],
            [
              30.03162294244483,
              -22.33685805785301
            ],
            [
              30.025260942238713,
              -22.337150057828854
            ],
            [
              30.02476794198698,
              -22.338034058125196
            ],
            [
              30.023189942062206,
              -22.336301058247194
            ],
            [
              30.021382993630347,
              -22.327933148096264
            ],
            [
              30.023329402629923,
              -22.32502298332399
            ],
            [
              30.02484590061791,
              -22.32542454770467
            ]
          ]
        ]
      }
    },
    {
      "type": "Feature",
      "properties": {
        "Province": "Limpopo",
        "Municipali": "Musina Local Municipality",
        "CAT_B": "LIM341",
        "WardNo": 4,
        "District": "Vhembe",
        "DistrictCo": "DC34",
        "Date": "2020-11-24T00:00:00",
        "WardID": "93401004",
        "WardLabel": "LIM341_4",
        "ward_num": 4.0,
        "sample_n": 113.0,
        "birth_outside_sa_pct": 87.6,
        "recent_origin_outside_sa_pct": 82.1,
        "permanent_yes_pct": 45.5,
        "non_permanent_pct": 54.5,
        "stays_12m_pct_non_permanent": 21.3,
        "cross_border_monthly_or_more_pct": 17.0,
        "cross_border_quarterly_or_more_pct": 36.6,
        "cross_border_any_pct": 82.1,
        "moved_within_city_any_pct_non_permanent": 42.6,
        "moved_outside_city_any_pct_non_permanent": 23.0,
        "median_months_stayed_non_permanent": 11.0,
        "mean_months_stayed_non_permanent": 9.1,
        "ecology_class": "mixed mobility ecology"
      },
      "geometry": {
        "type": "Polygon",
        "coordinates": [
          [
            [
              30.036629942218113,
              -22.325609058011615
            ],
            [
              30.062599941933804,
              -22.343231057667108
            ],
            [
              30.06522388307586,
              -22.3445028231467
            ],
            [
              30.06404054703364,
              -22.345489177083806
            ],
            [
              30.061174206224667,
              -22.34681447380888
            ],
            [
              30.060835176202477,
              -22.346537086917024
            ],
            [
              30.057229134017355,
              -22.34576656487503
            ],
            [
              30.05642779130952,
              -22.34576656487503
            ],
            [
              30.05232861487372,
              -22.345088505729933
            ],
            [
              30.049246526705836,
              -22.34555081931486
            ],
            [
              30.046904140813563,
              -22.345427534852842
            ],
            [
              30.046503470358882,
              -22.34555081931486
            ],
            [
              30.04647264879376,
              -22.345859026872557
            ],
            [
              30.045825410314503,
              -22.346043952666257
            ],
            [
              30.045363096729577,
              -22.345951489769362
            ],
            [
              30.0447158591496,
              -22.3460747733321
            ],
            [
              30.04419190423308,
              -22.34465701281085
            ],
            [
              30.042835785942795,
              -22.342961865397744
            ],
            [
              30.041165933760933,
              -22.343727999647385
            ],
            [
              30.042051408945397,
              -22.342286529399775
            ],
            [
              30.04203081626921,
              -22.341689348084888
            ],
            [
              30.041310080695766,
              -22.341050982316908
            ],
            [
              30.041001194149825,
              -22.34051557903067
            ],
            [
              30.036830941594722,
              -22.33189005807967
            ],
            [
              30.035759941668022,
              -22.331825057780126
            ],
            [
              30.035125942108593,
              -22.33210805824026
            ],
            [
              30.035769708305477,
              -22.333691780551153
            ],
            [
              30.032344941565853,
              -22.334848057791596
            ],
            [
              30.031871068994715,
              -22.333581872605297
            ],
            [
              30.032455936792108,
              -22.333333933114492
            ],
            [
              30.03234809189101,
              -22.332878044286204
            ],
            [
              30.029642173047883,
              -22.333642761204437
            ],
            [
              30.02751959495335,
              -22.333730997287677
            ],
            [
              30.027485281320704,
              -22.33274078795697
            ],
            [
              30.029445076728972,
              -22.332058980437548
            ],
            [
              30.02911119982205,
              -22.331076989111693
            ],
            [
              30.029433386441656,
              -22.329860797237995
            ],
            [
              30.030928585785638,
              -22.32951036021486
            ],
            [
              30.031637248859994,
              -22.329159922292536
            ],
            [
              30.032711924315908,
              -22.328357808865746
            ],
            [
              30.033856686636845,
              -22.326784733628564
            ],
            [
              30.036629942218113,
              -22.325609058011615
            ]
          ]
        ]
      }
    },
    {
      "type": "Feature",
      "properties": {
        "Province": "Limpopo",
        "Municipali": "Musina Local Municipality",
        "CAT_B": "LIM341",
        "WardNo": 5,
        "District": "Vhembe",
        "DistrictCo": "DC34",
        "Date": "2020-11-24T00:00:00",
        "WardID": "93401005",
        "WardLabel": "LIM341_5",
        "ward_num": 5.0,
        "sample_n": 101.0,
        "birth_outside_sa_pct": 81.2,
        "recent_origin_outside_sa_pct": 74.3,
        "permanent_yes_pct": 52.5,
        "non_permanent_pct": 47.5,
        "stays_12m_pct_non_permanent": 35.4,
        "cross_border_monthly_or_more_pct": 10.9,
        "cross_border_quarterly_or_more_pct": 27.7,
        "cross_border_any_pct": 76.2,
        "moved_within_city_any_pct_non_permanent": 45.8,
        "moved_outside_city_any_pct_non_permanent": 25.0,
        "median_months_stayed_non_permanent": 11.0,
        "mean_months_stayed_non_permanent": 8.9,
        "ecology_class": "mixed mobility ecology"
      },
      "geometry": {
        "type": "Polygon",
        "coordinates": [
          [
            [
              30.011690629419036,
              -22.336401198656315
            ],
            [
              30.018520197948856,
              -22.337999142846083
            ],
            [
              30.019449317232233,
              -22.337585058103944
            ],
            [
              30.022606192122087,
              -22.33838968333723
            ],
            [
              30.023306442038717,
              -22.33749605759689
            ],
            [
              30.023640085121922,
              -22.336795417374518
            ],
            [
              30.02476794198698,
              -22.338034058125196
            ],
            [
              30.0205125524124,
              -22.345680785739592
            ],
            [
              30.013055567360553,
              -22.343677932590484
            ],
            [
              30.010706595732856,
              -22.341660255016755
            ],
            [
              30.011690629419036,
              -22.34044427268495
            ],
            [
              30.011690629419036,
              -22.336401198656315
            ]
          ]
        ]
      }
    },
    {
      "type": "Feature",
      "properties": {
        "Province": "Limpopo",
        "Municipali": "Musina Local Municipality",
        "CAT_B": "LIM341",
        "WardNo": 6,
        "District": "Vhembe",
        "DistrictCo": "DC34",
        "Date": "2020-11-24T00:00:00",
        "WardID": "93401006",
        "WardLabel": "LIM341_6",
        "ward_num": 6.0,
        "sample_n": 102.0,
        "birth_outside_sa_pct": 77.5,
        "recent_origin_outside_sa_pct": 71.6,
        "permanent_yes_pct": 54.9,
        "non_permanent_pct": 45.1,
        "stays_12m_pct_non_permanent": 30.4,
        "cross_border_monthly_or_more_pct": 13.7,
        "cross_border_quarterly_or_more_pct": 29.4,
        "cross_border_any_pct": 75.5,
        "moved_within_city_any_pct_non_permanent": 56.5,
        "moved_outside_city_any_pct_non_permanent": 37.0,
        "median_months_stayed_non_permanent": 11.0,
        "mean_months_stayed_non_permanent": 8.8,
        "ecology_class": "mixed mobility ecology"
      },
      "geometry": {
        "type": "Polygon",
        "coordinates": [
          [
            [
              30.042051408945397,
              -22.342286529399775
            ],
            [
              30.03904491239288,
              -22.34700219739347
            ],
            [
              30.03624434080376,
              -22.35029698781565
            ],
            [
              30.03745929521035,
              -22.35120305477711
            ],
            [
              30.04034223570566,
              -22.352067938184756
            ],
            [
              30.041516004759877,
              -22.3528504499882
            ],
            [
              30.042483849749985,
              -22.353880072107586
            ],
            [
              30.042957475906857,
              -22.355012655809432
            ],
            [
              30.043492879193096,
              -22.35577457673525
            ],
            [
              30.053562581847743,
              -22.364958805104713
            ],
            [
              30.059349058212476,
              -22.370601132736052
            ],
            [
              30.065629751611795,
              -22.376923012387024
            ],
            [
              30.06655641124944,
              -22.378035004311965
            ],
            [
              30.072219331556965,
              -22.383038966175324
            ],
            [
              30.0763995971637,
              -22.387075083947945
            ],
            [
              30.079920905225638,
              -22.390596392009883
            ],
            [
              30.081650669343002,
              -22.392676228025472
            ],
            [
              30.082165479952966,
              -22.393088077053065
            ],
            [
              30.085130792052478,
              -22.394241253431098
            ],
            [
              30.090484825814062,
              -22.395209098421116
            ],
            [
              30.091596817739003,
              -22.395888648642188
            ],
            [
              30.093244212950182,
              -22.397494859400187
            ],
            [
              30.094067910106,
              -22.397989077333964
            ],
            [
              30.099154242674192,
              -22.39891573697161
            ],
            [
              30.099339942784148,
              -22.39880005807617
            ],
            [
              30.099092943084877,
              -22.400261058001387
            ],
            [
              30.099209943084432,
              -22.402993058083105
            ],
            [
              30.09855794269493,
              -22.405192057867147
            ],
            [
              30.097356943068515,
              -22.40609505814037
            ],
            [
              30.094111942712093,
              -22.40741205772025
            ],
            [
              30.09252394322543,
              -22.407201932922778
            ],
            [
              30.09042494265705,
              -22.407742057649767
            ],
            [
              30.0899419428664,
              -22.408628933078774
            ],
            [
              30.089267943261028,
              -22.409247057805466
            ],
            [
              30.08891694326236,
              -22.409901058287147
            ],
            [
              30.08886894284752,
              -22.41035105835458
            ],
            [
              30.088404943033748,
              -22.411351057705104
            ],
            [
              30.088298942642172,
              -22.41250705795432
            ],
            [
              30.08761594262172,
              -22.41382105829521
            ],
            [
              30.087209942784682,
              -22.41534305833543
            ],
            [
              30.08549994306801,
              -22.41832505825478
            ],
            [
              30.082511942871943,
              -22.421075058267288
            ],
            [
              30.078473942818235,
              -22.423069932631208
            ],
            [
              30.076536943425264,
              -22.42369305758844
            ],
            [
              30.073434943368,
              -22.425521058250215
            ],
            [
              30.071790943097593,
              -22.426150057579015
            ],
            [
              30.026818942140515,
              -22.41615405796333
            ],
            [
              29.99844894236489,
              -22.391644058126765
            ],
            [
              29.966791630929052,
              -22.38280565775483
            ],
            [
              29.982484169308993,
              -22.353676183209288
            ],
            [
              29.98478616664832,
              -22.347733314740665
            ],
            [
              30.008384566894314,
              -22.34232980837387
            ],
            [
              30.00941944195374,
              -22.341927432804738
            ],
            [
              30.01022719233108,
              -22.34133480835469
            ],
            [
              30.013055567360553,
              -22.343677932590484
            ],
            [
              30.0205125524124,
              -22.345680785739592
            ],
            [
              30.025260942238713,
              -22.337150057828854
            ],
            [
              30.03162294244483,
              -22.33685805785301
            ],
            [
              30.037321941754275,
              -22.335026057906155
            ],
            [
              30.03656305064432,
              -22.33278188967242
            ],
            [
              30.03715080076889,
              -22.33261757274276
            ],
            [
              30.041001194149825,
              -22.34051557903067
            ],
            [
              30.041310080695766,
              -22.341050982316908
            ],
            [
              30.04203081626921,
              -22.341689348084888
            ],
            [
              30.042051408945397,
              -22.342286529399775
            ]
          ]
        ]
      }
    }
  ]
}